"公司名称","核心技术","产品","客户","供应商","技术成熟度","产品应用行业","应用场景","可能应用场景","商务模式","交付能力","认证/资质/知识产权","创始团队与短板","当前最需要的资源类型","近三年营收及利润","竞对及技术差异","匹配程度"
"西安中科光凝科技有限公司（人工核对）","超快激光精密焊接技术（异质材料焊接、特种材料超精密3D成形","精密传感器制造、半导体封装、生物芯片加工领域激光设备","中国电子科技集团第38研究所、中国航空工业集团西安飞行自动控制研究所、浙江大学杭州国际科创中心、中科院物理研究院绵阳某院","激光器/光学元件供应商","技术成果属于国际领先水平，技术成熟度达到产业化水平","航空航天、生物医疗、半导体、精密电子","玻璃、蓝宝石、石英等透明材料间以及上述透明材料和金、铜、不锈钢、高温合金之间的直接焊接","自主导航器件（陀螺仪）、微流控芯片、UV-LED封装、TGV封装、精密传感器领域","　","已经具备一定的激光精密焊接装备设计和制造能力","授权国家发明专利13项（第1发明人）","核心团队来自中科院西安光机所，汇集了激光工艺研发、设备设计、设备制造、市场推广、企业管理等各方面具有丰富经验的团队成员。项目负责人贺斌为西安交通大学工学博士，中科院西安光学精密机械研究所副研究员，德国弗朗霍夫激光技术研究所访问学者。穆晔为法定代表人，北大法学本科、经济学辅修，有法律和创业经验。短板信息暂无。","　","　","　","未匹配"
"上海拜安传感技术有限公司","MEMS光学传感核心技术（光谱干涉仪MEMS芯片化制造，异质巨集成体硅工艺）","MEMS光学传感器（压力/应变/位移/温度/声音）；全光谱光纤传感分析仪；传感分析软件平台","华能西安热工研究院、中国商飞（战略合作）、中核集团、中国中车、中国石油、国家电网、中航工业、中船重工、清华大学、上海交通大学、同济大学、拜耳、霍尼韦尔","核心传感元件供应商","已商业化运营，产品已在风电、轨交等领域批量应用，并进入航空、核电领域进行进口替代。拥有市面最成熟的轨交弓网压力监测解决方案，已认定进入中国标准地铁列车的推荐配置文件。","风电、轨道交通、航空航天、核电、船舶、智慧城市、智能电网、工业测温。","1. 风电：存量风机技改（提供传感器、解调仪硬件和软件算法的整套解决方案）及新增风机前装。2. 轨道交通：地铁线路弓网压力监测。3. 航空航天、核电：高精度传感器进口替代。","智慧城市、船舶、智能电网、更广泛的工业设备监测和故障诊断领域。","1. 风电技改市场：以招标方式向业主方交付整套解决方案（硬件+软件），后续运维收取软件授权license费用。2. 风电增量市场：通过写入整机厂商标书，提供标准化传感器。3. 轨交等领域：提供解决方案及产品。","风电领域交付周期约2个月。轨交领域已在50+条地铁线路批量应用。","国家级高新技术企业、国家级专精特新“小巨人”企业、上海市专精特新企业；AS9100D（航空航天）认证、鉴衡风电场部件认证证书、CCS船级社认证证书；国家2022年度“中国机械工业技术发明三等奖”；中国商飞战略合作商、中核集团合格供应商。","核心团队：董事长钟少龙（中科院上海微系统所高级工程师，华为前产品开发经验，光纤传感领域专家）；风电专家俞红鹰（上海交大，主导设计国内第一代风力发电机）；AI专家韦俊（上海交大和加州大学硕士，前SKF首席资深数据科学家）。短板：暂无明确信息。","暂无明确信息。","暂无具体数据。2024年轨交领域预计收入数千万元。","暂无直接竞对信息。根据资料，公司在风电和轨交领域填补了工业监测空白，实现了国产超越；在轨交弓网压力监测方面拥有最成熟的解决方案；在航空、核电领域进行高精度传感器的进口替代。","精确匹配"
"西湖智能视觉科技（杭州）有限公司","单曝光压缩成像技术（AI+计算成像，光学编码+AI算法，压缩采集重建）","单曝光高速视频；单曝光高光谱成像；单曝光3D检测","中国林业科学研究院亚热带林业研究所（已中标189万元科研设备）、西湖大学（成果转化合作）","摄像头/光学元件供应商","原理样机转化与产品开发阶段。公司着力于将实验室原理样机转化为商业产品，实现集成化和芯片化并最终将其大规模量产。已完成天使轮融资，资金用于持续提升核心技术。","生物医疗、工业检测、光谱检测。","1. 沥青路面老化程度、病害类型识别；2. 桥梁梁体、桥面、桥墩等所有暴露表面进行大规模、无接触的扫描，识别混凝土表面露筋病害；3. 原料检测（如高粱样品）；4. 水域监测（如河道水域巡检，总氮和总磷检测）；5. 深基坑施工现场渗水预警。","基于其单曝光高光谱、高速视频及3D检测能力，可能应用于更广泛的工业质检、环境监测、农业检测、安防监控、医疗影像等领域。","产品销售（成像系统解决方案）、技术授权（可能性）。作为技术驱动型公司，可能通过销售集成了其核心技术的智能相机或成像系统为主要商业模式。","公司处于产品开发与商业化初期，致力于将原理样机产品化、芯片化并量产。具体交付周期和规模暂无公开信息。","高新技术企业（网络信息提及）。核心团队拥有20多项国际专利。具体资质证书名称及编号暂无公开信息。","创始团队：1. 袁鑫博士：公司执行董事，西湖大学工学院副教授，特聘研究员，2022年浙江省杰青，20多项国际专利发明者，曾任美国贝尔实验室视频分析与编码首席研究员。2. 陈明亮博士：公司创始人兼CEO，中国科学院上海光学精密机械研究所副研究员，全面负责公司日常运营及产品开发，分管产品系统设计、光学、机械结构及可靠性研发。短板：公司成立于2022年，相对年轻，产品处于商业化早期，市场验证和规模化销售能力有待证明；作为初创公司，在供应链管理、大规模生产、市场渠道建设方面可能存在经验短板。","资金（用于持续提升核心技术、加速产品开发）、产业合作伙伴（用于应用场景落地与市场拓展）、供应链与生产资源（用于实现产品芯片化与大规模量产）。","暂无公开信息。公司成立于2022年3月，尚处于早期研发和产品化阶段。","竞对：例如提供高光谱成像、工业检测相机等解决方案的公司。技术差异：与传统光谱成像依赖逐点或逐线扫描导致效率低、动态场景适应性差不同，西湖智能视觉采用单曝光压缩成像技术，以面扫的方式，效率更高，擅长高速、大视场、复杂环境适应场景。","精确匹配"
"无锡安科迪智能技术有限公司","阵列式多尺度超高清计算相机技术（仿生复眼架构）；空间数据采集；空间大脑计算平台","Mantis系列超高分辨率监控相机；Pathfinder系列通道式监控相机","公安部、国家重点国防项目、北京两会、冬奥会、上海建党百年大庆等重大活动安全保障单位；机场、港口、场馆、部队、智慧城市等项目方","工业相机/AI芯片供应商","成熟。产品已量产并广泛应用于多个国家级重大项目和行业场景，成为公安部警用装备指定产品和国家重点国防项目建设列装产品。","安防监控、智慧城市、国防军工、交通管理（高速公路、城市道路）、港口机场、大型场馆、水利枢纽、工业检测等。","广场集散地、港口机场、大型企业等高价值设施区域监控；高速公路、城市重要道路、周界等长距离纵深矩形区域监控；赛事场馆智能个性化视角直播/转播；智慧工地；高点超高清全时空智能感知布控。","工业级超高清多目VR相机、消费级全域视频智能空间感知、更广泛的智慧城市物联网节点、大型活动现场的沉浸式观赛/观演系统。","硬件（阵列摄像机）销售与软硬件一体化解决方案提供商。","具备产品研发、生产及项目交付能力，已成功交付并应用于多个国家级及行业级重大项目。","高新技术企业；公安部警用装备指定产品；国家重点国防项目建设列装产品。拥有美国杜克大学相关专利引进及自主研发技术。","创始人兼董事长为王惠东。公司早期引进美国杜克大学专利，是全球阵列计算成像技术和空间数字化智能感知应用的开拓者。短板：网络信息未提及具体技术或市场短板。","暂无。","暂无。","竞对：传统高清监控摄像机厂商（如海康威视、大华股份等）及新兴计算成像公司。技术差异：采用独特的“仿生复眼”阵列式成像技术，通过一个主镜头+N个微型镜头阵列结合后端强大算法，实现单台设备覆盖超大范围并保持极高分辨率（如一台Mantis等于70台1080p摄像机），在特定纵深矩形区域内实现远距离高精度识别，技术路径与传统单镜头摄像机或普通全景相机有本质不同。","精确匹配"
"中智科仪（北京）科技有限公司","时间门控成像；单光子探测；皮秒级时间分辨；激光穿透成像","逐光IsCMOS像增强相机；逐光2DSPC单光子相机；手持式/固定式穿透成像仪","服务100+高等学府及科研机构（物理科学、能源科学、生命科学、材料科学、量子光学等领域）；国家重大仪器专项支持（6000余万元）","超快激光器、单光子探测器供应商","已形成具体产品（如IsCMOS相机、2DSPC相机、穿透成像仪），并应用于科研及行业领域，技术处于产业化应用阶段。","科研领域（量子计算、可控核聚变、发动机燃烧诊断、光电材料性能分析、等离子体诊断）；行业领域（消防救援、刑侦取证、车载辅助安全驾驶、焊接在线监测、交通监控、地铁障碍物检测、机动车车窗抓拍、透雾成像）。","科研实验中的超快时间探测与极限灵敏度成像；工业在线监测（焊接、发动机诊断）；安防监控（交通、地铁障碍物检测、车窗抓拍）；特殊环境成像（消防救援、刑侦取证、透雾、透雨雪烟等恶劣天气）。","军事侦察、环境监测、医疗影像、自动驾驶感知增强、高端制造无损检测等需要超快时间分辨、弱光或穿透散射介质成像的领域。","研发、生产和销售高端光电探测设备及解决方案，面向科研机构与工业客户。","暂无（信息不足，未明确提及生产规模、交付周期等具体信息）。","暂无（信息不足，未明确提及具体资质或认证，但作为科技型企业应拥有相关技术专利）。","创始团队信息未在提供资料中明确。短板可能包括：作为2016年成立的初创公司，市场知名度和客户积累可能相对有限；高端科研仪器市场面临国际巨头竞争；技术研发投入大，对持续融资能力要求高。","资金（用于产品研发、市场拓展、优化生产流程及科研产品库存备货，根据其A轮融资信息推断）、市场渠道资源、高端研发人才、产业链合作伙伴。","暂无（信息不足，未披露具体财务数据）。","竞对包括国际领先的光电探测设备厂商（如滨松、Princeton Instruments等）。技术差异：中智科仪专注于时间门控成像及单光子探测这一细分领域，强调皮秒级时间分辨、单光子灵敏度及激光穿透成像能力，旨在实现国产高端科研仪器的突破。","精确匹配"
"徐州光引科技发展有限公司","片上光电集成芯片技术（片上计量级光谱仪、光谱分析探测芯片、通信光交换芯片，硬件芯片化设计）","微型光谱分析芯片、可穿戴光谱健康监测设备","小米（智能手表芯片级光谱仪健康监测合作）、酒水生产线质检厂商","光谱仪核心芯片/探测器供应商","　","消费市场、医疗诊断、食品检测","无创健康监测，覆盖短红外波段","消费市场、医疗诊断、食品检测","　","　","　","核心技术团队来自英国剑桥大学，自2015年至今在硅基光电子集成工艺及器件领域产出了多项自主创新成果，覆盖硅光光交换、光开关、光谱仪、光计算等多种器件。","　","　","　","精确匹配"
"中科海锐（厦门）科技研究院有限公司","空心玻璃微球软化学法制备技术","深海浮力材料、深海浮球、低温复合绝热层；空天/海洋/建筑工程新材料","清华大学、西安交通大学、中科院工程热物理研究所、航空发动机研究院、宁德时代、华大基因等60+科研机构","空心玻璃微球原材料供应商","技术攻关、成果转化阶段","化学原料/化学制品、原材料和加工、学术/科研","　","技术攻关、成果转化、企业孵化、人才培养、科技服务","集技术攻关、成果转化、企业孵化、人才培养、科技服务于一体的新型研发机构","　","　","创始团队：中国科学院理化技术研究所微珠技术团队。短板：暂无","　","　","　","精确匹配"
"西安聚安光科物联网科技有限公司","硅基压力传感器技术、金属电容真空计及变送器技术、陶瓷电容压力传感器技术、应变计压力传感器技术、温度及流量传感器技术；具备从芯片设计、制作、封装到传感器装调、测试的全流程能力，依托6英寸高水平MEMS流片线实现芯片自主可控","压力变送器系列（高频响、高精度、高温、小型、微压）、温压一体化变送器、液位变送器、流量计","清华大学、西安交通大学、中科院工程热物理研究所、航空发动机研究院、宁德时代、华大基因等60+科研机构","光纤传感器/光学元件供应商","掌握核心光电芯片设计和工艺技术+先进的光电传感技术+先进的算法+物联网系统技术，拥有近30项自主知识产权，部分产品已实现落地应用（如电力、储能、生命体征监测），芯片产品（垂直腔可调谐范围6nm，微腔激光器可调谐范围30-40nm）满足系统需求","电力行业（发电站、变压器、开关柜）、新能源（储能电池/动力电池/氢燃料电池）、大健康（养老院、民用床垫、宠物）、安防（机场、地铁、基础设施围栏）、智慧城市（管道泄漏、大型建筑物、植物园监测）、军方","①电力光纤局放传感器系统（新加坡变压器、葛洲坝发电站）；②生命体征监测仪（养老院、民用床垫、宠物）；③光纤围栏检测系统（新加坡机场、地铁、马来西亚基础设施）；④分布式光纤温度检测系统（长沙电力/山东电力）；⑤分布式光纤应变监测系统/激光热释粒子探测器（长沙电力/山东电力/基站储能柜）；⑥FBG储能/动力电池监测系统（宁德时代、山东国网综合能源、圣阳储能）；⑦飞秒光栅850度高温监测系统（氢能燃料电池）；⑧FBG一体化光纤温度、湿度和PH值传感监测系统（西安植物园）","智慧城市数字化升级（管道泄漏、大型建筑物、发电厂等）、智慧公园、智慧交通、智慧场馆、智慧山体、智慧消防、智慧管廊、国网储能电池极早期监测、低碳融合发展研究院氢能监测、南网和国网局部放电监测、床垫民用产业化、军民融合入侵监测","以产品销售和技术大规模落地为导向，通过项目、产品和设备销售实现盈利；近期目标克服项目依赖，实现产品大规模铺开，通过售前解决方案定制和售后运维等服务盈利；未来目标建立基于大数据的极早期预警管理云平台，参与制定行业标准","拥有自主研发的芯片、传感器、解调仪等产品系列，具备光电监测系统构建能力（软件、硬件、嵌入式工程师团队），产品已在多个行业场景中交付应用（如电力、储能、安防、健康监测）","拥有近30项自主知识产权（专利30多项），遍及芯片、传感技术、算法、材料、应用场景等；核心团队拥有论文130多篇；企业顾问为国家863专家、中国光学学会常务理事等","核心创始团队来自新加坡国立大学、中国科学院大学；执行总裁兼CTO董波为新加坡国立大学博士、博士生导师、中科院百人计划技术英才、陕西省千人计划；团队包括物联网大数据专家顾问（吴博士）、软件工程师、财务总监、硬件工程师（徐博士）、嵌入式工程师、销售总监等；短板：未明确提及","本轮拟融资人民币2000~4000万元，主要用于团队建设、研发、市场推广、和品牌塑造等","　","竞对：美国Finisar（可调谐激光芯片单片价格300美金以上）；国内暂无竞品。技术差异：公司基于自研激光芯片+先进光电传感技术+先进算法，实现低成本（相比进口）和极早期预警能力，在光电监测系统领域国内尚无竞争对手；传统技术对比：传统火灾/电池监测不能极早期预警，传统光纤围栏误报率高（>5%），传统电类生命体征传感器监测精度低","模糊匹配"
"南京锂泰新能源科技有限公司","纳米阻燃薄膜成膜降温技术；金属螯合剂捕捉技术；自由基终止剂分散技术；储压式/非储压式灭火装置","电化学储能系统火灾防控系统","储能电站/电化学储能项目客户；新能源电池热管理需求方","灭火剂原材料/储能系统组件供应商","已完成核心技术研发，产品已推出（储压/非储压灭火装置、火灾防控系统），并于2025年7月获得千万元天使轮融资用于产业化推进，技术处于产业化初期阶段。","电池生产与配套集成、新能源汽车及其充换电设施与场站、储能设施与场站（含电站、通信基站、工商及户用储能等）、电动小型车及其充换电网点。","电池安全监测、预警、防护；储能电站、通信基站、工商业及户用储能等设施的火灾防控；新能源汽车及电动小型车充换电场所的消防安全。","大型电动交通工具（如电动巴士、电动船舶）的电池舱消防；便携式电子设备（如充电宝、无人机电池）的安全防护；电池生产、测试、回收过程中的安全防控。","产品销售（灭火装置、防控系统）及技术解决方案提供。","暂无（根据公开信息，未披露具体产能、交付周期或项目案例）。","暂无（根据公开信息，未披露具体认证、资质或专利信息）。公司承担了多项国家级、省部级科研项目。","核心成员均来自华中科技大学储能与动力电池实验室（由首席科学家黄云辉教授于2008年创建），拥有扎实的电化学知识储备和突出的项目研发能力。短板：公司成立于2022年12月，相对年轻，市场验证、规模化生产和商业落地经验可能不足；公开信息中未提及成熟的供应链或明确的标杆客户。","资金（用于产业化推进和核心技术研发）、市场渠道资源（进入电池生产商、新能源汽车厂、储能系统集成商的供应链）、生产制造合作伙伴、项目落地应用场景。","暂无（公司成立于2022年12月，未披露财务数据）。","暂无（根据公开信息，未提及具体竞争对手。其技术差异点在于专注于电池火灾的化学抑制机理，如纳米阻燃薄膜、金属螯合剂、自由基终止剂等，并结合了智慧消防集成系统）。","精确匹配"
"北京中科科氏帛生物科技有限公司","大丽轮枝菌等植物生防菌技术、基因编辑育种、分子标记辅助选择","分子标记辅助选择；棉花等农作物种子、生物农药","暂无（主营业务为农业生物技术/农作物育种，无公开客户信息）","生物育种原材料供应商","　","农业（农药、棉花种植）","农药生产与销售、棉花种质资源合作开发","农业生物技术、作物改良、植物保护","技术研发与产品生产、项目合作开发","　","　","由植物生命科学领域知名专家发起成立，首席执行官为高峰。具体团队成员及短板暂无。","融资（已完成天使轮和Pre-A轮融资，投资方包括中科创星、达晨财智）","　","　","精确匹配"
"江苏华生基因数据科技股份有限公司","肿瘤个体化医疗基因检测数据分析、分子生物学软件研发","DNA分析检测相关软件","基因测序与数据分析服务需求方（医院、科研机构、药企）","基因测序设备/试剂供应商（Illumina/华大基因等）、基因数据分析服务器供应商","　","　","　","　","　","　","　","　","　","　","　","未匹配"
"南京模砾半导体有限责任公司","高端数模混合芯片设计；高速高精度ADDA；100V高压电源管理；大规模数模混合开发芯片量产","BMS AFE系列电池管理芯片；智能直流优化器芯片；MoLi321XS芯片","蓝思科技、伯恩光学、京东方、富士康、AMKOR、深圳精智达、武汉精测电子、凌云光、重庆京东方、绵阳京东方","晶圆代工厂（芯联集成等）、封装测试厂商、EDA工具供应商（Cadence/Synopsys）","已具备量产能力，有多颗芯片完成设计流片并导入客户。","新能源车、动力电池、储能产品、电动工具、消费类产品、光伏电站。","1. 光伏电站智能化升级：集成BMS AFE芯片至直流优化器，实现组件级MPPT与故障诊断。2. 储能系统性能优化：用于户用储能（如Power Bank系列）的高精度电芯管理，实现主动均衡，延长电池寿命。","高端工业、储能、电动车等领域的芯片国产化替代。","芯片设计服务商，提供集成电路设计、销售及相关技术服务。","拥有完整的数模混合芯片设计研发量产能力，产品已完成设计流片并导入客户。","高新技术企业（2023年），科技型中小企业（2024年）。","创始人/法人代表：许正杰。短板：暂无公开信息。","暂无公开信息。","暂无公开信息。","暂无公开信息。","精确匹配"
"中科慧远视觉技术（洛阳）有限公司","工业外观精密检测技术；仿人光学成像；AI算法平台；机器视觉","工业外观视觉检测装备","蓝思科技、伯恩光学、京东方、富士康、AMKOR、深圳精智达、武汉精测电子、凌云光、重庆京东方、绵阳京东方","工业相机/光学镜头供应商","成熟，已实现国产替代并填补行业空白，产品已落地应用并实现商业化。","工业制造（如玻璃盖板、显示面板等外观检测）、消费电子、光学显示、半导体封装。","工业产品外观缺陷的自动化精密检测，主要针对外观缺陷微弱、精度要求高的场景，如玻璃盖板、显示面板等的外观检测。","精密制造行业的外观检测、质量管控","中科慧远视觉技术(洛阳)有限公司是一家技术解决方案提供商，专注于销售自主研发的工业视觉智能检测装备及系统解决方案。","具备独立研发、生产和交付工业外观视觉检测装备的能力。","国家高新技术企业，国家级专精特新“小巨人”企业，A级纳税人，一般纳税人。","核心团队源自中国科学院自动化研究所，在光学、视觉、控制、智能制造等领域有深厚的技术背景和积累。短板信息暂无。","市场拓展资源（尤其是海外市场）、资金支持","- **近三年营收及利润**：暂无公开数据。","暂无竞对及技术差异信息，需要额外补齐。","模糊匹配"
"重庆中科超容科技有限公司","碳基石墨烯复合材料（高比表面积电极材料）；高耐压电解质技术（电化学窗口3.5V）","双电层电容器（EDLC）单体（3.0V/3.2V，1F~3700F）；混合储能系统","轨道交通、新能源汽车厂商；产品出口欧美国家","宁波中车新能源科技有限公司（超级电容器复合电极材料合作）","已量产高性能核心电极材料、电解质和高能量密度EDLC器件，产品形态涵盖导针型小型单体、焊针型中型单体、激光焊接型大型单体，并可接受尺寸容量定制化。","消费电子（空调、电视、洗碗机、热水器、燃气灶等）、电力储能、工业控制、智能仪表、新能源汽车、军工、信息终端、通讯站、电力数据传输等。","消费电子产品中需要瞬间较大电流放电、免维护、安全环保的储能部件；电力储能领域；以及其他需要高效能量收集、存储、转化的场景。","由超级电容与其他储能器件组成的混合储能系统；对超低内阻、超大功率、超低温使用以及单体更高电压平台有特殊需求的领域。","研发、生产、销售超级电容器及相关产品，并提供电化学储能解决方案和技术服务。","具备量产能力，可接受尺寸容量定制化，并能根据客户要求开发混合储能系统。","高新技术企业、专精特新中小企业、规模以上工业企业。","创始团队由中科院研究员刘双翼带队创建，团队成员包括研究员、副研究员、高级工程师等，拥有十多年功率储能材料及器件的应用基础研究与技术转化开发经验。短板信息暂无。","　","　","　","精确匹配"
"上海奇绩智峰智能科技有限公司","集成电路芯片设计；计算机软件开发；图像处理、双目立体匹配、人脸识别、智能锁专利","NexRL大模型强化学习训练框架、NexAU智能体开发框架、NexWeave大模型训练服务平台、MM-Doc-R1多智能体长文档分析系统（AI软件/平台，未商业化命名）","暂无公开客户信息；AI Agent研发服务商，尚未商业化","GPU芯片供应商（NVIDIA等）、云计算服务商","　","　","　","　","　","　","　","团队属于大模型公司第一梯队，是行业老炮+小天才的组合，拥有极高的人才密度和最前沿的认知反馈。团队配置豪华、资源丰富、创业决心较足，并有政府资源支持。","融资。本轮为第一轮融资，计划融资不超过7亿人民币。","　","　","精确匹配"
"蓝箭科技（衢州）有限公司","防热隔热涂料技术（环氧树脂增韧防热；硅橡胶+碳纤维+纳米陶瓷相填料）","LJTR-11防热涂层；LJTP-31防热涂料；环氧防热涂料；硅橡胶防热涂料；三防/四防漆","暂无（为蓝箭航天空间科技提供配套材料）","原材料供应商","产品已明确型号（LJTR-11，LJTP-31）并定义了具体性能指标（如解决1000℃、1800℃以内热环境问题），表明技术已进入产品化阶段。","军工（导弹、火箭弹、无人机、武器装备）、航空航天、电子设备防护。","导弹战斗部、发动机、舵基舱、电缆罩；火箭弹战斗部、控制舱、伺服舱、尾段；军用及民用无人机、电子产品、武器装备、舰艇装备的表面防护（防腐、防湿热、防霉菌、防盐雾、防静电）。","其他需要耐高温、隔热、烧蚀防护及三防/四防（防湿热、防霉、防盐雾、防静电）的军用装备、航空航天器部件、高端电子设备。","研发、生产、销售一体化。下设全资子公司及北京分公司，覆盖材料研发、生产制造及技术推广。","核心项目为“年产1000吨军用耐高温防护材料新建项目”，具备规模化生产潜力。具体产能交付数据暂无。","暂无（PDF及网络信息未披露具体认证、资质或专利信息）。","创始团队信息暂无。短板：公司成立于2023年8月，运营时间短；实缴资本（45万人民币）与注册资本（500万人民币）差距较大，可能反映初期资金实力有限。","基于其新建项目和融资信息，可能最需要资金资源（用于产能建设、研发投入）和市场资源（进入军工供应链体系）。","暂无（公司成立于2023年，无完整财年数据）。","PDF中未提及直接竞对。技术差异：其防热涂料针对1000℃-1800℃高速气动热环境及长时隔热问题，并具备低密度、低热导率、耐烧蚀等特点；三防/四防漆针对军用电子设备防护。","精确匹配"
"江西国化实业有限公司","电解氟化技术","含氟化学品系列（三氟甲磺酸、三氟甲磺酸酐、三氟甲磺酸锂、双三氟甲基磺酰亚胺）；数据中心冷却液系列","制冷剂/数据中心冷却液需求方；300+含氟化学品品种客户","萤石/氟化工原材料供应商","成熟。2016年自主创新研发电解氟化技术并突破美国封锁，已实现数据中心冷却液系列产品的规模化生产（年产12500吨项目已落户）。","医药、农药、塑胶、化纤、电池、新型材料、数据中心（服务器冷却）。","1. 化学反应中的合成工具（三氟甲磺酸）。2. 数据中心服务器的浸没式液冷。","电子设备冷却、其他需要高效热管理的领域。","研发、生产及销售含氟产品的高新技术企业。","具备规模化生产能力，拥有年产12500吨数据中心冷却液系列产品的项目。","高新技术企业；国家级专精特新“小巨人”企业；A级纳税人；历史科技型中小企业。","创始团队信息暂无。短板：原文及搜索结果未明确提及。","暂无（原文及搜索结果未明确提及）。","暂无（原文及搜索结果未提供具体财务数据）。","竞对信息暂无。技术差异：通过自研电解氟化技术，突破了国外在数据中心冷却液（氟碳化合物）领域的技术封锁，实现了国产化替代。","精确匹配"
"广州力及热管理科技有限公司","电子工程设计服务；电子产品检测；电子产品设计服务；信息电子技术服务；新材料技术推广服务","复合液冷散热器、超薄型均温板元件（Vapor Chamber）、三维蒸气腔元件等散热模组（用于集成电路/功率电子封装散热）","暂无公开客户信息","热管理材料供应商","　","专业技术服务业","　","　","　","　","高新技术企业；科技型中小企业","　","　","　","　","精确匹配"
"墨光新能科技（苏州）有限公司","零能耗被动式辐射制冷技术（微纳结构材料，8-13μm大气窗口高红外发射，超材料）","辐射制冷膜材；辐射制冷涂料；辐射制冷织物","科顺股份（联合品牌合作）、大型储罐/建筑降温需求方；南京大学团队产业化合作","辐射制冷原材料供应商","量产阶段。2023年8月产品量产首发，研究成果发表于顶级期刊《自然》并首次在手机落地。","消费电子、新能源汽车。","手机散热（辐射制冷膜）。","移动终端、建筑、织物、航空航天、军工等场景的降温或保温需求。","产品销售、联合研发。","具备量产能力。","拥有行业关键核心技术及全产业链的多项专利布局。","创始团队：创始人/首席科学家朱嘉（南京大学能源与资源学院院长，国家杰出青年，斯坦福大学博士）；创始人/董事长/CEO朱斌（南京大学副教授，博士生导师，国家“万人计划”）。短板：公司成立时间较短（2022年7月），规模尚小（员工人数约23-99人）。","资本（已完成Pre-A轮近亿人民币融资）、市场拓展资源。","暂无。","竞对：迈默智塔（无锡）科技有限公司（提供高导热散热涂层，应用领域侧重汽车、轨道交通、航空）。技术差异：墨光新能核心技术为零能耗光热调控（辐射制冷），侧重光谱设计和温控；迈默智塔核心技术为高导热辐射散热涂层，侧重导热和红外发射率。","精确匹配"
"西安中科天塔科技股份有限公司","卫星测运控软件、航天云立方平台、华山航天大模型","卫星智能操控与故障诊断；激光通信终端","长光卫星技术股份有限公司（吉林一号星座100+颗卫星管理）、上海航天技术研究院、中国科学院微小卫星创新研究院、银河航天、星际荣耀等商业卫星客户","卫星硬件供应商（测控站设备、星载计算机）","技术领先，国内最早从事卫星管理相关产品研发与产业化；核心团队航天经验平均20+年，曾管理我国200多颗在轨卫星，参与载人航天、探月工程等十余项重大航天工程系统研发。","商业航天、碳中和监测与治理、政府环境监管、工程建设管理、森林碳汇检测、碳交易数据服务。","卫星测运控服务；区域及行业CO2排放监测、预测与溯源；裸土扬尘源卫星遥感监测；大型工程项目进度高空遥感监测；企业和政府层面的碳达峰碳中和信息化平台。","森林碳汇检测、碳交易数据服务、更广泛的政府环境与资源监管、智慧城市基础设施建设监测。","提供软硬件产品、技术服务和系统集成解决方案。","具备卫星测运控系统、碳中和监测平台等软硬件产品及解决方案的交付能力，核心团队有重大航天工程系统研发经验。","高新技术企业（推断）；核心团队曾获国家科技进步二等奖、部委级科技进步奖逾30项、中国航天基金奖、中国载人航天工程突出贡献奖。","创始团队技术背景雄厚：总经理曾伟刚为前西安卫星测控中心软件室副主任；CTO董卫华为前西安卫星测控中心软件室主任；市场负责人景振龙有大型企业市场及项目经验。短板：原文未明确提及。","资金（处于A轮融资阶段）；市场拓展资源（将技术应用于更广泛的政府和商业场景）。","暂无（原文未提及）。","暂无（原文未提及具体竞争对手及技术差异）。","精确匹配"
"光宇元芯（杭州）光电有限责任公司","晶体外延技术；Nano LED半导体纳米级工艺；高精度晶圆键合；RGB单片整体集成","AR/VR微型显示芯片（Sub-Micro Micro LED，>30000PPI）","AR/VR智能眼镜厂商（Micro LED微显示芯片）；JBD等Micro LED模组厂商（合作开发SAG技术）；投资方：红杉中国、线性资本、华睿投资","GaN外延片/硅基衬底供应商","国内领先水平，处于可量产工艺阶段，部分环节需要额外补齐。","半导体、显示、消费电子、汽车电子、光通信、工业、医疗、安防监控、仪器仪表。","智能穿戴、高端手机/显示器/汽车智能座舱/高清电视、光通信光源。","- 元宇宙人机接口设备（AR、VR等）。","暂无明确信息，需进一步补充。","暂无明确信息，需额外补齐。","- 需要额外补齐   - 公司创始人拥有50多项在职专利申请成功或在审批过程中。","创始团队：公司由海外知名半导体公司、知名终端设备公司归国团队共同创办。创始人兼CEO于澜，曾任职IBM、Applied Materials，拥有多年海外研究经历及SAG底层技术创新与量产应用经验。COO杨韬，拥有UIUC电子工程学士、硕士及哥伦比亚大学商学院金融经济学硕士学位，曾任美国银行美林证券股票交易员，负责融资、政府关系、产线建设及供应链管理。 短板：暂无明确提及。","暂无（PDF原文及网络搜索结果均未明确提及），需要额外补齐。","近三年营收及利润信息：暂无公开数据。","暂无具体竞争对手及技术差异信息。","模糊匹配"
"深圳扑浪量子半导体有限公司","半导体量子点发光材料；新型量子点显示工艺；半导体薄膜工艺设备","量子点扩散板、无阻隔膜PET量子点膜、量子点墨水、量子点光刻胶、量子点Micro-LED显示解决方案","暂无公开客户信息（Micro LED/量子点材料研发方向）","量子点材料供应商、半导体设备供应商","拥有自主知识产权和核心技术，申请国内外专利150余件，能够自行设计量子点生产设备，是国内少数具备量子点材料设计、制备和应用产品能力的厂商。","光电子、微电子、新型显示、传感器、材料科学","量子点显示、半导体薄膜工艺","　","研发、生产与销售","　","国家级创新创业大赛优秀企业和创新创业50强企业，省级专精特新中小企业，申请国内外专利150余件。","董事长为张志宽，技术依托于南方科技大学。具体团队构成及短板暂无详细信息。","　","　","　","精确匹配"
"大同共聚（西安）科技有限公司","高性能聚酰亚胺（PI）树脂合成技术、无胶挠性覆铜板（FCCL）制备技术、功能型 PI 薄膜与复合材料技术","5G 无胶覆铜板、柔性显示基板、低介电薄膜、耐高温复合材料","暂无公开信息","暂无公开供应商信息","处于中试阶段（根据获得‘中试贷’推断）","科技行业（具体行业暂无）","科技成果从实验室迈向生产线的中试环节","　","　","　","拥有专利（具体信息暂无）","法定代表人：聂新宇（任职30家企业）。短板：暂无","金融资源（已获得500万元‘中试贷’用于成果转化）","　","　","精确匹配"
"西安中科立德红外科技有限公司","红外热像技术","智能光电设备","中国科学院长春光学精密机械与物理研究所（仪器设备采购中标）、军队/军工科研院所（夜视系统/武器鉴定光测装备中标）；低空经济（反无人机光学雷达需求方）、商业航天客户（卫星激光通信载荷）","红外探测器/光学镜头/高速运算放大器供应商","　","红外成像与测量、医疗红外","红外成像与测量设备供应、医疗红外行业应用","　","　","　","小巨人企业","创始人刘伟，由中科院西光所孵化。短板信息暂无。","　","　","　","精确匹配"
"湖南新锋科技有限公司","掺硼金刚石（BDD）电极材料及制备工艺；大尺寸、大面积金刚石电极制造技术；基于气相沉积技术的半导体、生态健康、光电声热力功能材料研发与生产","掺硼金刚石(BDD)电极、电化学氧化处理系统、水处理装置","氢燃料电池下游客户（钢铁/化工等工业副产氢提纯需求方）","质子交换膜/催化剂供应商","成熟，已实现大尺寸、低成本量产，产品价格仅为进口产品的10%，并在多个工业领域实现标志性工程项目应用。","工业废水处理（钢铁、石化、农药、煤化工、核工业、医药、农药化工等）、电化学、热学、光学等领域。","高浓度、难降解的复杂化工酸性废水处理（控制CODcr、氨氮等指标）；焦化废水处理（处理焦化生化出水膜浓缩液、MVR蒸发母液等，控制CODcr、TOC、氨氮及pH等指标）。","其他高难度难降解有机废水处理领域（如垃圾渗滤液等）；电催化电极相关应用；半导体、光电声热力功能材料的其他潜在应用。","产品销售（BDD电极系列产品、水处理设备从小试装置到工程化装置）；工程项目应用。","具备从试验检测分析的小试装置、废水废液工程处理的工程化模组到工程化使用的装置等系列产品的交付能力，已在多个领域完成标志性工程项目。","高新技术企业、专精特新中小企业、科技型中小企业（根据网络信息）。核心技术源自中南大学气相沉积技术与薄膜材料研究室，拥有自研设备和工艺技术。","核心团队为中南大学魏秋平教授团队，拥有20余年的金刚石研究经验，被同行认为引领全球BDD研发方向。短板：暂无。","资金（用于新产品线开发、智能产业基地建设，2023年完成A轮融资，2024年完成数千万元战略融资）。","暂无。","竞对主要为进口BDD电极产品。技术差异：公司通过自研设备和工艺技术，实现了大尺寸、低成本量产，产品价格仅为进口产品的10%，性价比高，实现国产替代。","精确匹配"
"西安声海智能科技有限公司","人工智能语音技术算法开发与产品研发，语音降噪算法、麦克风阵列设计、MIMO信号处理","高清拾音器、远程拾音器、拾音器阵列模组等声学前后端系列产品","陕鼓集团、商汤科技、奕斯伟计算、中石油、延长壳牌、唐都医院、中国铁建、中国电建等头部客户；业务覆盖工业、能源、教育、医疗、金融、交通等智慧城市领域；中标吴起县教育体育局校园智能音频系统建设项目","麦克风/声学传感器/信号处理芯片供应商","在语音降噪算法、麦克风阵列设计、MIMO信号处理等方面处于国际领先水平；已推出多款成熟产品。","医疗、金融、教育、司法、能源、交通。","医院音频安防、园区音频安防、公安司法监管场所音频安防、校园音频安防、教学智慧语音解决方案、企业智能音频应用定制解决方案。","基于其远场拾音和复杂场景音频处理技术，可能应用于智能会议、智能家居、车载语音、公共安全监控、远程协作等需要高质量语音捕获与处理的场景。","为行业头部客户提供专业声学产品及服务，包括定制解决方案。","　","国家高新技术企业，科技型中小企业。","由西北工业大学“水下信息处理与控制”国防重点实验室首席科学家陈景东发起设立。短板信息暂无。","　","　","PDF原文提及“目前业界声学前段参与的企业少，几乎没有专注远场拾音的成熟厂商”，暗示其在远场拾音细分领域具有先发和技术专注优势。","精确匹配"
"青岛中科国晟动力科技有限公司","轻型燃气轮机（用于分布式能源发电、舰船驱动、大型压缩机/泵、海上油气平台等）的研发、部件试验、整机装配生产、整机试车调试、整机销售及维护服务","TG30系列燃气轮机发电机组（30MW）、20-50MW级轻型燃气轮机","暂无公开客户信息（商业化早期阶段）","高温合金材料供应商、航空发动机零部件供应商","A轮融资阶段，已形成核心自主知识产权，具备研发、试验、生产、调试能力","能源动力、高端装备制造、军民两用领域","分布式能源发电、舰船驱动、大型压缩机（泵）、海上油气平台","　","燃气轮机整机销售及维护服务","具备整机装配生产、整机试车调试能力","国家高新技术企业，专精特新企业，形成企业核心自主知识产权","由中国科学院工程热物理研究所、城发投资集团有限公司、青岛军民融合发展集团有限公司共同出资设立","资金（近期拟募集资金8000万元用于增资）","　","　","精确匹配"
"深圳劲芯微电子有限公司","无线充电芯片设计（Qi标准）、高集成SoC架构、多相位电荷泵驱动电路、PD快充协议集成技术","无线充电芯片、有线快充方案设计、MCU。具体产品无线充电发射端芯片（如CV90362A、CV90355）、无线充电接收端芯片（如CV90331）、支持Qi V1.2/V1.3、Qi2、PD快充等协议的芯片，以及全球首款一芯双充芯片系统","华为、小米、OPPO、vivo等手机厂商（Qi无线充电芯片）、无线充电设备厂商（ANKER/AoHey/麦多多等）","MOS管/谐振电容/利兹线供应商","高。公司成立于2013年，产品已实现商业化量产。2015年至2023年，其芯片在亚马逊无线充电类目每年均为销冠。产品支持多种快充协议和Qi最新标准，并已推出多款成熟SoC芯片。","消费电子、智能硬件、汽车电子。具体应用于无线充电底座、磁吸方案无线充电底座、车载无线充电设备、移动电源无线充电设备等。","智能手机、可穿戴设备等消费电子产品的无线充电与有线快充；车载无线充电；移动电源集成无线充电功能。","智能家居设备充电、医疗设备无线充电、工业设备无线供电、物联网设备供电。","芯片设计、研发与销售（Fabless模式），提供芯片及配套快充方案设计。","具备芯片研发、设计及方案支持能力。作为Fabless公司，芯片制造和封装依赖合作伙伴，但拥有成熟的产品线和量产经验。","国家高新技术企业、国家专精特新“小巨人”企业。产品支持Qi等国际标准认证。具体专利数量暂无。","核心团队来自美国国家半导体、NXP以及富士通，拥有20-30年芯片设计经验。创始人邵礼斌有12年富士通微电子工作经历，曾筹建富士通半导体在国内的第一个IC设计中心。短板：网络信息显示员工人数为0（可能为信息未更新或统计口径问题），具体研发人员规模及最新融资后发展短板暂无明确信息。","基于其Fabless模式及发展阶段，可能需要的资源包括：高端芯片设计人才、先进制程流片资源、下游品牌客户深度合作、市场扩张资金以及供应链稳定性保障。","暂无公开数据。公司已于2021年完成C轮融资，处于持续发展阶段。","国内无线充电芯片领域的主要竞争者可能包括伏达半导体、易冲无线等。技术差异：劲芯微强调其“国内首个无线充电发射芯片”、“国内首个推出15W无线充电接收芯片”、“全球首款一芯双充芯片系统”等创新，以及在多线圈、高功率无线充电方案上的技术积累。","精确匹配"
"北京临一云川能源技术有限公司","高空风力发电技术，专注于涵道式浮空发电技术路线。已成功试飞全球首台兆瓦级S2000浮空风力发电系统，并在2000米高空完成并网测试","S2000兆瓦级浮空风力发电系统（2000米高空并网测试）","暂无公开信息","高空风能发电设备供应商、发电机零部件供应商","技术已进入实际测试和应用阶段，成功实现500米及2000米高空发电并网测试，S1500和S2000型号已积累近5亿元订单。","绿色能源、风力发电、高空风力发电技术服务。","高空风力发电场，为电网提供清洁电力。","偏远地区、海岛、高原等传统风电难以覆盖区域的电力供应；作为分布式能源补充；特定工业场景的绿色供电。","技术研发、设备制造与销售、发电运营服务。获得风险投资（种子+轮融资）用于研发和产能建设。","已形成完备的研发、设计、制造及运营团队。计划在舟山建立高性能材料基地以提升产能。","国家级高新技术企业、省级专精特新中小企业。","创始团队信息不详。董事长为顿天瑞。公司与清华大学等科研机构有合作。短板可能包括：作为2023年成立的新公司，市场验证和规模化运营经验可能相对有限；高空风电属于前沿技术，面临技术稳定性、安全监管、成本控制等多重挑战。","资金（用于研发能力提升和产能建设）、产业链合作资源（如高性能材料供应）、市场拓展渠道以及可能的技术合作伙伴。","暂无（公司成立于2023年，无完整三年财务数据）。","暂无直接竞对信息。技术差异在于其专注于“涵道式浮空发电”这一特定高空风电技术路线，并已实现高空并网测试和订单积累，在技术高度和功率上刷新行业纪录。","精确匹配"
"风脉能源（武汉）股份有限公司","新能源项目全生命周期管理技术、智慧化资产管理平台、风电/光伏/储能项目开发与“交钥匙”服务能力、国际化项目开发及管理能力","风电/光伏/储能项目开发、智慧化资产管理平台","通威（光伏组件中标供应商）、CIP哥本哈根基础建设基金（成立合资公司）、风能太阳能开发商（规划设计服务客户）","风电/光伏设备供应商","成熟。公司成立于2009年，已服务项目超过3500项，管理资产总装机容量超过10GW，具备从开发到运维的全链条技术支撑和交付能力。","电力、热力生产和供应业；新能源行业（风电、光伏、储能）。","集中式风电、光伏电站；分布式光伏电站；储能电站的投资、开发、设计、建设、运营维护及全生命周期资产管理。","新能源资产智慧化管理、存量资产优化运营、海外新能源项目开发与管理、为产业资源整合提供技术解决方案。","新能源项目投资开发、EPC“交钥匙”服务、资产管理解决方案提供、集约化智能化运维管理服务。","具备全生命周期项目管理和“交钥匙”服务交付能力。项目遍布全国多个省市及美国、欧洲、非洲等海外地区。","高新技术企业。基于自主研发的智慧化产品提供服务。具体资质证书名称未披露。","法人/创始人为叶毅。团队是第三方中少有的具备国际化项目开发及管理能力的团队。短板信息未披露。","根据其发展规划，可能需求包括：产业资源、战略合作机会、资金（但已获多家知名机构投资）、市场拓展渠道。具体需求未明确披露。","暂无。网络公开信息未披露具体财务数据。","竞对信息未披露。技术差异：自称是第三方中少有的具备国际化项目开发及管理能力的团队，拥有基于全价值链的技术支撑和自主研发的智慧化产品，提供从开发到运维的全链条服务。","精确匹配"
"北京中科海钠科技有限责任公司","钠离子电池核心材料（正极/负极/电解液）、电芯、模组、BMS","储能/动力/启动电池全场景覆盖","已进入量产销售阶段（四款钠离子电池产品量产）；战略投资方含蓝驰创投、北京协同创新研究院等","锂/钠原材料供应商","已实现产业化。公司是全球首家发布钠离子电池低速电动车、储能系统的企业，电芯产品已定型。","电化学储能、低速电动车（二轮车、三轮车、低速四轮车）。","1. 电化学储能领域，替代储能用磷酸铁锂电池；2. 低速电动车领域，替代铅酸电池。","电动汽车、国家安全领域（根据网络资料）。","研发、生产与销售钠离子电池材料、电芯及储能系统。","具备钠离子电池材料、电芯及储能系统的供应能力，具体产能规模暂无。","高新技术企业、专精特新中小企业；拥有多项钠离子电池核心专利。","创始团队技术背景深厚：创始人兼董事长胡勇胜博士（中科院物理所研究员、国家杰青、万人计划专家）、CEO唐堃博士（曾任国家能源投资集团电池材料部门经理），均师从陈立泉院士。短板：资料未明确提及管理、市场或融资等方面的短板。","暂无（资料中未明确提及，但根据其A轮融资历史，可能仍需资本支持以扩大规模）。","暂无。","竞对：传统锂电池（如磷酸铁锂）和铅酸电池。技术差异：钠离子电池定位为“锂电池的性能+铅酸电池的价格”，旨在解决锂资源卡脖子风险，具有成本优势和供应链安全性。","精确匹配"
"北京氢羿能源科技有限公司","同时具备阴离子交换膜（AEM）电解水制氢技术、高压PEM电解水制氢（20MPa）技术及PEM电解水联产化学品技术的开发能力","PEM质子交换膜电解水制氢系统，高效长寿命催化剂、高电密膜电极、单槽功率1-2MW的电解槽及配套辅助系统","PEM电解水制氢设备下游客户；战略合作方：陕西双能研究院","质子交换膜/催化剂/双极板供应商","已实现产品化并推向市场。已建成公斤级催化剂产线、2万平米膜电极产线、100MW电解槽和氢气纯化产线，推出3MW PEM/100kW AEM电解槽产品。拥有300Nm³/h、500Nm³/h、1000Nm³/h碱水制氢运行经验。","能源、电力、石油化工、汽车船舶等行业。","大型工业制氢、风光氢储一体化项目、利用光伏等波动性电力进行绿氢生产。","钢铁、储能、长途航运等领域的绿氢应用，以及通过高压PEM技术直接产出高压氢气用于加氢站等场景。","设备研发、制造、销售；提供系统集成服务、配套工程建设及EPC承包；提供产业整体解决方案。","研发和总部位于北京，下设山东工厂、江苏工厂、河南工厂等生产基地，具备从核心部件到系统集成的制造和交付能力。","国家高新技术企业、中关村高新技术企业；ISO9001:2015质量管理体系认证、CE认证；拥有软著9项、专利30余项；参与制定3项国家及行业标准；荣获2024氢能观察“金鼎奖”年度优秀电解槽设备供应商、2023制氢产业新锐品牌、中国创新创业大赛北京赛区三等奖等。","核心团队由多名经验丰富的硕博士组成。创始人/董事长米万良博士，从事氢能燃料电池与电解水制氢技术20余年，发表论文近100篇，申请专利30余件，拥有丰富的催化剂、膜电极、电解槽、系统集成开发与设计经验，主持和承担过多项国家级、省部级及国际合作研发项目。短板信息未提及。","根据其天使轮融资用途及业务拓展情况，推测需要资金用于技术研发深化、产能扩建、市场拓展及国际业务开拓。","暂无。公司成立于2023年10月，成立时间较短，公开信息未披露具体财务数据。","暂无直接竞对信息。根据公开信息，其技术差异在于：1）同时布局PEM和AEM两条技术路线；2）具备高压PEM（20MPa）技术；3）拥有从催化材料、膜电极到电解槽及系统的整套自主研发和生产能力，是行业内少数拥有完整成套技术的企业。","精确匹配"
"山东轻化致远新材料科技有限公司","碳纳米管宏观体材料（纤维、薄膜、气凝胶）的批量化制备；石墨烯/铜复合粉末（基于原位生长包覆技术）；屏蔽绕包带","碳纳米管宏观体（纤维/薄膜/气凝胶）、石墨烯/铜复合粉末、屏蔽绕包带","知名央国企、外资基金（如CIP）；战略投资方：中广核基金、洪泰基金、合力投资、中科创星","高端化工原材料供应商","　","橡胶行业，早期主要应用于乘用车/商用车空气悬架及空气弹簧领域","乘用车/商用车空气弹簧总成","航空航天、低空、工业及军事等领域","　","　","　","　","　","　","　","精确匹配"
"成都空间矩阵科技有限公司","雷达通信信号模拟技术、电子战干扰技术、信号监测与反辐射导引技术","系统级电子对抗装备及方案平台，雷达通信信号模拟器、小型干扰机、信号监测设备、反辐射导引头等电子战设备及相关软件","部队/军工单位（电子对抗装备需求方）；民用气体检测需求方","气体传感器/检测仪供应商","高。产品线分为量产标准化模块、定制化/系列化分级系统及电子战大系统，已服务于军队和军工科研院所。","军工（电子对抗、侦查、干扰）、警用。","军队及军工科研院所电磁试验训练、军队的武器装备集成。","暂无。","向军队、军工科研院所及企业销售电子对抗装备、系统及提供解决方案。","具备量产标准化模块、定制化/系列化分级系统及电子战大系统的交付能力。","国家重点专精特新“小巨人”企业、国军标质量管理体系证书、武器装备科研生产单位二级保密资格、武器装备承制单位资格审查、成都市军民融合企业。已获得18项专利（11项实用新型，7项发明专利，6项进入实质审查），另有23项软件著作权。","创始人/董事长兼总经理钮浪博士，清华大学电子工程系博士，曾任中电某所机载电子对抗系统研发负责人、高级工程师，拥有丰富行业经验和技术背景。短板：暂无明确信息。","暂无。","暂无。","主要竞争对手为传统电抗“三所一厂”：中电29所、8511所、722厂、723所。其中29所为绝对龙头，技术领先其他单位1.5代（模拟体制->数字体制1代，小型化集成化0.5代）。公司作为脱胎于29所的民参军企业，具备技术渊源。","精确匹配"
"陕西道博新材科技有限公司","复合材料轻质构件制造、复合材料数控布带缠绕工艺、航空发动机复合材料铺丝技术","复合材料轻质构件制造技术和装备研发，发动机机匣、风扇叶片、风扇帽罩、发动机短舱制造技术，以及高性能预浸料研发。拥有复合材料数控布带缠绕工艺与装备、航空发动机整体精密加工技术等核心成果","中石油、中海油、国电投、中核、协合等新能源集团（碳化硅陶瓷部件供货）；吉林、内蒙古等地风电项目（复合材料供货）","碳化硅原材料/高温烧结设备供应商","较高。依托西北工业大学A+学科团队，技术已应用于国家重大型号，并实现风扇叶片等产品的批量化生产。","航空航天，具体为航空发动机领域。","航空发动机核心复合材料构件（如机匣、风扇叶片、风扇帽罩、短舱）的制造与供应。","无人机机身、大型机翼加强筋壁板等航空航天领域其他高性能复合材料构件。","技术服务和构件供应商模式。提供复合材料构件制造技术服务和直接供应产品。","具备风扇叶片等产品的批量化生产能力。","已取得相关资质认证证书（具体名称未列明）。授权国家发明专利20余项。","创始人/董事长刘维伟为西北工业大学副教授，团队依托西北工业大学复合材料构件先进制造技术团队，技术背景深厚。短板：信息未提及市场拓展、商业化规模、供应链管理等方面的具体团队构成。","产业化资源、市场渠道资源、以及可能的生产规模扩张所需资金。","暂无信息。","暂无直接竞对信息。技术差异在于其依托西北工业大学在航空宇航领域的顶尖学科优势，专注于发动机复合材料构件这一细分领域，并实现了关键技术突破和批量应用。","精确匹配"
"西安朗威科技有限公司","压电新材料技术、精密驱动技术、空间微振动控制技术","专注于压电新材料、压电技术及精密驱动技术解决方案。核心产品激光通信用精指向机构及其控制器、大位移大推重比作动器及其驱动控制器、空间微振动控制系统、压电快反镜、电磁快反镜、压电旋转电机等宇航级产品","一汽商用汽车（座椅加热研究合作）、国内重点高校研究所（批量试验合作）、国网公司（结构件性能验证合作）","加热元件/传感器供应商","技术成熟度高。已开发多款宇航级产品，对标国外最先进产品，且技术指标已超越国外同类产品，打破了国外技术垄断，实现了国产自主可控。","主要应用于航空航天（特别是星间激光通信）、军工领域。同时可应用于精密定位、超精密加工、MEMS、精密光学、机器人、生物医学、手机汽车等智能终端。","1. 星间激光通信：用于卫星高速运动下的激光束高精度跟踪瞄准。2. 航空航天、军工领域的精密驱动与控制。","精密定位、超精密加工、MEMS（微电子机械系统）、精密光学、机器人、生物医学、手机汽车等智能终端。","面向航空航天、军工等高端制造领域，提供精密驱动技术解决方案和高可靠性产品，与核心客户建立紧密合作关系，成为其唯一或主要供应商。","具备宇航级产品的研发与交付能力，与中国航天科技集团等核心单位建立了稳定的合作关系，产品已成为客户唯一供应商，交付能力可靠。","国家级科技型中小企业；武器装备质量管理体系认证；武器装备科研生产单位二级保密资格证书；西安市军民融合企业（单位）认定；中国航天科技集团五院西安分院一类合格供方；高新技术企业；专精特新中小企业。核心团队拥有授权中国发明专利193项、美国专利4项。","实控人/董事长徐明龙博士为首席专家，西安交通大学航天航空学院副院长，机械结构强度与振动国家重点实验室副主任，IAAM Fellow，拥有深厚学术背景和研发实力。网络信息显示法定代表人存在李肖华与徐明龙不一致的情况，需核实。短板：信息未明确提及市场规模化拓展能力及民用领域大规模商业化案例。","根据其完成A+轮融资的情况，当前最需要的资源类型可能是进一步的市场拓展资金、规模化生产所需的资本以及高端人才，以巩固技术优势并拓展更广泛的民用应用市场。","暂无公开数据。","竞品主要为国外同类先进产品。公司技术已实现国产替代，技术指标超越国外同类产品，打破了国外垄断，且产品更贴近国内市场需求。","精确匹配"
"镭神技术（深圳）有限公司","具体产品光路耦合机、COS测试机、COC老化机、贴片机等","光芯片后道精密设备（芯片级/器件级测试、老化、贴片、光路组装等）；电芯片后道设备（精密贴片机及高速全自动超声波粗铝线键合机）","中航工业、中船重工、中国电子、基地靶场、中国电科、军事院校等国内知名军工科研院所及企业","激光器/光学元件供应商","高。核心团队来自世界一流光电半导体企业，拥有20余年实际生产和管理经验；高精密设备已累计交付超600台；已获得国家高新技术企业、专精特新中小企业等资质。","光通信、工业激光、芯片制造、半导体、传感光纤、激光器、汽车雷达、功率器件、IC/电池、医疗领域。","光芯片和电芯片的后道制造环节，包括测试、老化、贴片、光路耦合、组装等。","更广泛的半导体封装测试、医疗设备精密制造、新能源电池制造中的精密组装与测试环节。","为光通信、半导体等行业提供生产加工、组装、测试技术成套解决方案及定制化设备，属于设备研发、生产与销售模式。","已累计交付高精密设备超600台；具备千万级订单的交付能力（如2024年华工科技订单超4000万）。","国家高新技术企业、专精特新中小企业（根据网络信息，可能已升级为“专精特新小巨人”）。","核心团队：董事长/总经理权明军（权军明），拥有新科磁电、新飞通、朗美通等美日一流光电企业多年管理经验；核心成员多来自朗美通等企业，拥有20余年经验。短板：信息未明确提及，可能包括市场进一步拓展、面对国际巨头竞争等。","资金（用于团队扩建和产品线开发，近期完成B轮、C轮融资）、市场渠道资源（进一步拓展客户）、高端研发人才。","暂无具体财务数据。但2024年有单个客户订单超4000万的情况，显示其业务规模。","竞对信息暂无。技术差异：团队拥有深厚的光电半导体行业背景，专注于光/电芯片后道精密设备，产品线覆盖测试、老化、贴片、耦合等多个环节，提供成套解决方案。","精确匹配"
"西安乾景防务技术有限公司","有源相控阵核心技术；核心板卡及系统级产品设计、生产；全空域球形全数字多波束抗干扰相控阵天线、全数字多波束相控阵天线、双极化收发一体多通道数据采集处理板","有源相控阵天线（空域球形全数字多波束抗干扰）、相控阵核心板卡","航空发动机国家重大型号相关军工单位","特种材料/精密加工供应商","高新技术企业；创新型中小企业；自有天线、射频、硬件、逻辑、算法、嵌入式、应用软件、结构等开发组，系统核心技术自主可控；技术骨干具有华为、中兴、浙大芯片产业联盟对应核心芯片开发经验，并承担主要负责人，产品能力强，配合XX所完成多个项目研制","军工、通信、探测、遥控","高速宽带自组网通信、多目标跟踪与侦查、雷达与通信一体化、卫星多波束通信、遥控遥测；星网建设（卫星互联网）、机载相控阵（军工通信天线、雷达）、弹间数据链、车载相控阵","　","　","具备核心板卡及系统级产品的设计、生产及服务能力；配合客户完成多个项目研制","高新技术企业；创新型中小企业；专精特新中小企业","创始团队：创始人&实控人冯璟（西安电子科技大学硕士，中航工业2年、华为6年工作经验，华为西研所天线业务部西研分部首席专家）；联合创始人赵宗乾（军工行业资源丰富，熟悉雷达、通信和电子对抗行业，市场开拓能力强）；总经理徐卫丰（西安电子科技大学硕士，曾任职中兴通讯南研所、华为无线事业部，历任射频研发项目经理、系统时钟全球高级专家、5G预研射频负责人）。短板：暂无明确信息","　","　","　","精确匹配"
"芯聚威科技（成都）有限公司","高性能模数转换器(ADC)芯片设计、模拟前端(AFE)芯片设计","高性能数据转换器、模拟前端等芯片产品，高精度ADC、医疗级AFE和高速高精度ADC产品线","中国航天科技集团五院西安分院、九院704所、华为、北京极光星通科技、银河航天","精密驱动组件供应商","已具备多种架构高性能AD/DA、AFE等芯片的研发和量产能力，已有产品线，部分产品已推向市场。","工业、医疗、通信、新能源。","高性能信号链集成电路在医疗设备、通信设备、工业控制、新能源系统等领域的信号采集、转换与处理。","暂无（基于现有产品线及应用领域推断，但无明确信息）。","集成电路芯片设计、研发、销售及相关技术服务（基于网络搜索结果推断）。","具备研发和量产能力，2023年已有产品进入市场并获订单（PDF提及2023年目标3000万订单）。","成都市高层次“四派人才”企业认定。核心团队发表多篇ISSCC、JSSC等顶级论文，拥有研发能力。","核心团队来自知名芯片设计公司和高校，CEO周雄为电子科技大学副教授，首席科学家李强为电子科技大学教授、青年长江学者。短板：公司成立于2021年，相对年轻；网络信息显示员工规模20-99人，规模较小；未提及大规模量产或市场占有率信息。","资金（已完成多轮融资，包括天使轮、Pre-A轮、Pre-A+轮）、市场订单（PDF提及明确的订单目标）、可能的生产与供应链资源。","暂无（网络及PDF均未提供具体财务数据）。","暂无（PDF及网络信息均未提及具体竞争对手及技术差异）。","精确匹配"
