chain_id,domain_name,chain_name,maturity_level,pilot_flag,description
CHAIN_OC_001,光电子,光通信/光模块,pilot,true,新版细粒度模型首个试点产业链
CHAIN_MV_001,光电子,光学检测/机器视觉,peer,false,与光通信平级的产业链
CHAIN_LA_001,光电子,激光加工/光学装备,peer,false,与光通信平级的产业链
CHAIN_DISP_001,光电子,光显示,peer,false,与光通信平级的产业链
CHAIN_COMP_001,光电子,光计算,peer,false,与光通信平级的产业链
CHAIN_FUSION_001,光电子,光融合（量子光学新原理）,peer,false,与光通信平级的产业链
CHAIN_SPACE_001,商业航天,商业航天,peer,false,与光通信平级的产业链
CHAIN_ROBOT_001,先进制造,机器人,candidate,false,围绕机器人核心零部件本体系统集成和应用场景的平级候选产业链
CHAIN_SEMI_001,半导体,光刻与湿法工艺配套,candidate,false,围绕光刻设备核心部件半导体湿法清洗刻蚀与工艺材料的候选产业链
