id:ID,label,name,normalized_name,source_file,:LABEL
PROD_0E653F23E622,Product,瞬态光学与光子学,瞬态光学与光子学,company-info_with_url.xlsx,Product
PROD_B2418274420A,Product,空间光学遥感,空间光学遥感,company-info_with_url.xlsx,Product
PROD_3861ECFC3CD0,Product,干涉光谱成像,干涉光谱成像,company-info_with_url.xlsx,Product
PROD_F1643425065A,Product,光电信息等,光电信息等,company-info_with_url.xlsx,Product
CAP_868BBCDDE363,Capability,湿插拔光电复合连接器（应用于水下1600米深度,湿插拔光电复合连接器（应用于水下1600米深度,company-info_with_url.xlsx,Capability
CAP_AA8B88CBA4DD,Capability,已完成海试对接验证）,已完成海试对接验证）,company-info_with_url.xlsx,Capability
CAP_8E461EDF735F,Capability,基础光学,基础光学,company-info_with_url.xlsx,Capability
CAP_0C9DEC471EC8,Capability,空间光学,空间光学,company-info_with_url.xlsx,Capability
CAP_33CC37227DBD,Capability,光电工程技术,光电工程技术,company-info_with_url.xlsx,Capability
IND_943110B8FC7C,Industry,海洋工程（海底观测网,海洋工程（海底观测网,company-info_with_url.xlsx,Industry
IND_32A9AACBA4F9,Industry,深海实验站,深海实验站,company-info_with_url.xlsx,Industry
IND_CD25606E82EB,Industry,油气钻采平台）,油气钻采平台）,company-info_with_url.xlsx,Industry
IND_5462DE6EA50B,Industry,国防安全,国防安全,company-info_with_url.xlsx,Industry
IND_044F195C235F,Industry,水下无人平台（高速通信,水下无人平台（高速通信,company-info_with_url.xlsx,Industry
IND_D7F86033CBDF,Industry,充电）。,充电）。,company-info_with_url.xlsx,Industry
SCN_7CC0110D5026,Scenario,1,1,company-info_with_url.xlsx,Scenario
SCN_621705916DD1,Scenario,海底观测网模块化布放的关键节点连接,海底观测网模块化布放的关键节点连接,company-info_with_url.xlsx,Scenario
SCN_1C7E515E22E7,Scenario,2,2,company-info_with_url.xlsx,Scenario
SCN_EF919791574A,Scenario,深海实验站设备连接,深海实验站设备连接,company-info_with_url.xlsx,Scenario
SCN_F0D896EA2C45,Scenario,3,3,company-info_with_url.xlsx,Scenario
SCN_7FAD00E7EC7A,Scenario,油气钻采平台水下设备连接,油气钻采平台水下设备连接,company-info_with_url.xlsx,Scenario
SCN_75F11F74B4AC,Scenario,4,4,company-info_with_url.xlsx,Scenario
SCN_9F6D12CDCD57,Scenario,水下无人平台的高速通信与充电接口。,水下无人平台的高速通信与充电接口。,company-info_with_url.xlsx,Scenario
CUS_A4253C6FEA35,Customer,海底观测网建设与运营方,海底观测网建设与运营方,company-info_with_url.xlsx,Customer
CUS_FDE809688B51,Customer,海洋钻采平台,海洋钻采平台,company-info_with_url.xlsx,Customer
CUS_F5F8CC9FDED6,Customer,国家安全相关单位,国家安全相关单位,company-info_with_url.xlsx,Customer
DEM_C1984F4FEC2D,DemandTag,需要将“卡脖子”关键技术（如湿插拔连接器）进行大规模产业化所需的资金,需要将“卡脖子”关键技术（如湿插拔连接器）进行大规模产业化所需的资金,company-info_with_url.xlsx,DemandTag
DEM_D24E99588DDB,DemandTag,规模化生产管理经验,规模化生产管理经验,company-info_with_url.xlsx,DemandTag
DEM_AE3A11878F14,DemandTag,成熟的市场渠道和供应链资源。,成熟的市场渠道和供应链资源。,company-info_with_url.xlsx,DemandTag
PROD_90EBCAB7CBC5,Product,微型智能无人直升机,微型智能无人直升机,company-info_with_url.xlsx,Product
PROD_92237FDBF950,Product,低成本智能无人机,低成本智能无人机,company-info_with_url.xlsx,Product
PROD_8BD61D5A680F,Product,智能光电吊舱,智能光电吊舱,company-info_with_url.xlsx,Product
PROD_436D1C27E999,Product,智能无人集群系统,智能无人集群系统,company-info_with_url.xlsx,Product
PROD_6C6399077233,Product,智能任务计算单元等,智能任务计算单元等,company-info_with_url.xlsx,Product
CAP_F35D967B42D6,Capability,智能无人协同,智能无人协同,company-info_with_url.xlsx,Capability
CAP_A89E8B1130DB,Capability,人工智能计算,人工智能计算,company-info_with_url.xlsx,Capability
CAP_2F8F1D50DC71,Capability,多传感器融合,多传感器融合,company-info_with_url.xlsx,Capability
CAP_E05C3177F53E,Capability,智能无人机研发,智能无人机研发,company-info_with_url.xlsx,Capability
IND_6D3EF7BE10BC,Industry,人工智能应用场景,人工智能应用场景,company-info_with_url.xlsx,Industry
IND_CBF6ACE100F2,Industry,为机,为机,company-info_with_url.xlsx,Industry
IND_28597BC4856D,Industry,车,车,company-info_with_url.xlsx,Industry
IND_6768F7120063,Industry,艇等各类高科技装备提供解决方案。,艇等各类高科技装备提供解决方案。,company-info_with_url.xlsx,Industry
SCN_81B013BF248A,Scenario,智能无人机系统服务,智能无人机系统服务,company-info_with_url.xlsx,Scenario
SCN_CE03548B6188,Scenario,为高科技装备提供先进可靠,为高科技装备提供先进可靠,company-info_with_url.xlsx,Scenario
SCN_931E2133471A,Scenario,自主可控的个体,自主可控的个体,company-info_with_url.xlsx,Scenario
SCN_B685E152D27D,Scenario,群体智能化解决方案。,群体智能化解决方案。,company-info_with_url.xlsx,Scenario
DEM_4AA4D892FE81,DemandTag,暂无（信息不足）,暂无（信息不足）,company-info_with_url.xlsx,DemandTag
CAP_715D93578F9E,Capability,压力变送器系列（高频响,压力变送器系列（高频响,company-info_with_url.xlsx,Capability
CAP_86DBAB54524C,Capability,高精度,高精度,company-info_with_url.xlsx,Capability
CAP_8978A63DEF4D,Capability,高温,高温,company-info_with_url.xlsx,Capability
CAP_A3CA584A5369,Capability,小型,小型,company-info_with_url.xlsx,Capability
CAP_16E90836DA2D,Capability,微压）,微压）,company-info_with_url.xlsx,Capability
CAP_85D228148C2C,Capability,温压一体化变送器,温压一体化变送器,company-info_with_url.xlsx,Capability
CAP_F65CCD77F716,Capability,液位变送器,液位变送器,company-info_with_url.xlsx,Capability
CAP_F0D57B8DC5C8,Capability,依托6英寸高水平MEMS流片线实现芯片自主可控。,依托6英寸高水平mems流片线实现芯片自主可控。,company-info_with_url.xlsx,Capability
IND_7DDDD92E1B52,Industry,地面测试,地面测试,company-info_with_url.xlsx,Industry
IND_293827B873C0,Industry,液压系统,液压系统,company-info_with_url.xlsx,Industry
IND_341A3ABD3C99,Industry,矿山,矿山,company-info_with_url.xlsx,Industry
IND_B56472216D72,Industry,城市供排水,城市供排水,company-info_with_url.xlsx,Industry
IND_BA3D1194685B,Industry,冶金,冶金,company-info_with_url.xlsx,Industry
IND_1FE8DDBB0683,Industry,供热,供热,company-info_with_url.xlsx,Industry
IND_850575C68999,Industry,供水,供水,company-info_with_url.xlsx,Industry
IND_2C17EBB9DBE9,Industry,氢能及储能,氢能及储能,company-info_with_url.xlsx,Industry
IND_DC4E0FCED6A6,Industry,环境监测。,环境监测。,company-info_with_url.xlsx,Industry
SCN_431F6EAE1D54,Scenario,风洞实验,风洞实验,company-info_with_url.xlsx,Scenario
SCN_1FF3768D54C2,Scenario,计量院计量器具,计量院计量器具,company-info_with_url.xlsx,Scenario
SCN_E02E5C190D66,Scenario,氢能及储能研究,氢能及储能研究,company-info_with_url.xlsx,Scenario
SCN_39FC93B661B7,Scenario,航空发动机研究,航空发动机研究,company-info_with_url.xlsx,Scenario
SCN_657F47F63B62,Scenario,工程热物理研究,工程热物理研究,company-info_with_url.xlsx,Scenario
SCN_1B7AF4A50063,Scenario,燃气轮机,燃气轮机,company-info_with_url.xlsx,Scenario
SCN_86B7418A3A87,Scenario,船用发动机,船用发动机,company-info_with_url.xlsx,Scenario
SCN_E227AC15261F,Scenario,石油化工,石油化工,company-info_with_url.xlsx,Scenario
SCN_0486F18E1AE3,Scenario,矿山,矿山,company-info_with_url.xlsx,Scenario
SCN_92527541F057,Scenario,医药,医药,company-info_with_url.xlsx,Scenario
SCN_71C8E767D99B,Scenario,城市供排水,城市供排水,company-info_with_url.xlsx,Scenario
SCN_6B8E43BBEF1E,Scenario,冶金,冶金,company-info_with_url.xlsx,Scenario
SCN_CBC2FDD47A25,Scenario,电力,电力,company-info_with_url.xlsx,Scenario
SCN_27F691C8D418,Scenario,供热,供热,company-info_with_url.xlsx,Scenario
SCN_14A5220CD9E3,Scenario,供水。,供水。,company-info_with_url.xlsx,Scenario
DEM_4B7CC6F2A7E1,DemandTag,基于其已完成A轮融资及市场开拓阶段,基于其已完成a轮融资及市场开拓阶段,company-info_with_url.xlsx,DemandTag
DEM_E59988EBEDC6,DemandTag,产业资本或战略投资方的资源对接,产业资本或战略投资方的资源对接,company-info_with_url.xlsx,DemandTag
DEM_2EE4C4220BCF,DemandTag,高端人才（特别是销售与市场拓展）以及特定高壁垒行业的准入资质或合作伙伴。,高端人才（特别是销售与市场拓展）以及特定高壁垒行业的准入资质或合作伙伴。,company-info_with_url.xlsx,DemandTag
PROD_DC5364B24AE2,Product,轮臂式机器人及灵巧手,轮臂式机器人及灵巧手,company-info_with_url.xlsx,Product
PROD_ECD21088DDB4,Product,构建从本体到末端的完整产品体系,构建从本体到末端的完整产品体系,company-info_with_url.xlsx,Product
CAP_6B7A5545E05C,Capability,专注于通用人形机器人与具身智能技术,专注于通用人形机器人与具身智能技术,company-info_with_url.xlsx,Capability
IND_1B71CB5B0D31,Industry,商业服务,商业服务,company-info_with_url.xlsx,Industry
IND_1A87961BF6B6,Industry,工业制造,工业制造,company-info_with_url.xlsx,Industry
IND_D666EE144657,Industry,井下能源等。,井下能源等。,company-info_with_url.xlsx,Industry
SCN_EE374A9C6285,Scenario,旨在替代人类执行高风险,旨在替代人类执行高风险,company-info_with_url.xlsx,Scenario
SCN_A602C1783C32,Scenario,高强度以及单调重复工作的场景,高强度以及单调重复工作的场景,company-info_with_url.xlsx,Scenario
SCN_8CDC420D22CB,Scenario,具体落地场景信息不足。,具体落地场景信息不足。,company-info_with_url.xlsx,Scenario
DEM_FBFCDD4C572A,DemandTag,资金（持续研发投入）,资金（持续研发投入）,company-info_with_url.xlsx,DemandTag
DEM_2B43F60C96CE,DemandTag,产业合作伙伴（拓展应用场景）,产业合作伙伴（拓展应用场景）,company-info_with_url.xlsx,DemandTag
DEM_B9F9E932CDF3,DemandTag,市场渠道及高端研发人才。,市场渠道及高端研发人才。,company-info_with_url.xlsx,DemandTag
PROD_58835C949C91,Product,AI服务器液冷监控系统（解热能力4000W）,ai服务器液冷监控系统（解热能力4000w）,company-info_with_url.xlsx,Product
PROD_9D6E947CDE48,Product,电竞笔电风冷散热方案（解热能力300W）,电竞笔电风冷散热方案（解热能力300w）,company-info_with_url.xlsx,Product
PROD_EE2827BF5A38,Product,高效能超充电桩液冷散热方案（散热瓦数1000W+）,高效能超充电桩液冷散热方案（散热瓦数1000w+）,company-info_with_url.xlsx,Product
PROD_D8309FB6A335,Product,高效充电桩风冷散热方案（散热瓦数500W-1000W）,高效充电桩风冷散热方案（散热瓦数500w-1000w）,company-info_with_url.xlsx,Product
PROD_B4DEB83C5F39,Product,光伏逆变器风冷散热方案（散热瓦数30W-300W）,光伏逆变器风冷散热方案（散热瓦数30w-300w）,company-info_with_url.xlsx,Product
CAP_DC19B04EFA2C,Capability,风冷,风冷,company-info_with_url.xlsx,Capability
CAP_636AE267E2ED,Capability,液冷散热解决方案,液冷散热解决方案,company-info_with_url.xlsx,Capability
CAP_C96F1A91BE24,Capability,电子材料研发+散热技术应用,电子材料研发+散热技术应用,company-info_with_url.xlsx,Capability
IND_1E8824D23AF5,Industry,AI服务器,ai服务器,company-info_with_url.xlsx,Industry
IND_F2FF715A7A90,Industry,网通,网通,company-info_with_url.xlsx,Industry
IND_719AE5661BE1,Industry,消费性,消费性,company-info_with_url.xlsx,Industry
IND_A4DB0574F0A5,Industry,便携式产品,便携式产品,company-info_with_url.xlsx,Industry
IND_BB940ED7C76A,Industry,车用,车用,company-info_with_url.xlsx,Industry
IND_5ED26684BE7A,Industry,新能源产品（如充电桩,新能源产品（如充电桩,company-info_with_url.xlsx,Industry
IND_7E2EBBC67B0C,Industry,光伏逆变器）,光伏逆变器）,company-info_with_url.xlsx,Industry
IND_1D43E3F3EC9F,Industry,电竞笔电。,电竞笔电。,company-info_with_url.xlsx,Industry
SCN_09F2A2ABEC9B,Scenario,AI服务器散热,ai服务器散热,company-info_with_url.xlsx,Scenario
SCN_E72458241914,Scenario,电竞笔记本电脑散热,电竞笔记本电脑散热,company-info_with_url.xlsx,Scenario
SCN_EB148C0CF393,Scenario,高效能超充电桩散热,高效能超充电桩散热,company-info_with_url.xlsx,Scenario
SCN_C61B10153DBB,Scenario,高效充电桩散热,高效充电桩散热,company-info_with_url.xlsx,Scenario
SCN_978B2C9EAEDD,Scenario,光伏逆变器散热。,光伏逆变器散热。,company-info_with_url.xlsx,Scenario
DEM_022FE2FD1046,DemandTag,客户资源,客户资源,company-info_with_url.xlsx,DemandTag
DEM_7BD6E08B3F68,DemandTag,品牌知名度,品牌知名度,company-info_with_url.xlsx,DemandTag
DEM_BC73F0CF6ACC,DemandTag,资金（用于研发和市场拓展）。,资金（用于研发和市场拓展）。,company-info_with_url.xlsx,DemandTag
CAP_D986DCAA6521,Capability,从事智能科技,从事智能科技,company-info_with_url.xlsx,Capability
CAP_0ACAB0F4544C,Capability,集成电路科技,集成电路科技,company-info_with_url.xlsx,Capability
CAP_318873077B46,Capability,计算机科技领域内的技术开发,计算机科技领域内的技术开发,company-info_with_url.xlsx,Capability
CAP_A86037E2C026,Capability,技术咨询,技术咨询,company-info_with_url.xlsx,Capability
CAP_0A99216D8309,Capability,技术服务,技术服务,company-info_with_url.xlsx,Capability
CAP_B70B3C2D7EE7,Capability,技术转让,技术转让,company-info_with_url.xlsx,Capability
CAP_83FFC647B18F,Capability,集成电路芯片设计服务,集成电路芯片设计服务,company-info_with_url.xlsx,Capability
CAP_08DB841D7529,Capability,数据处理服务,数据处理服务,company-info_with_url.xlsx,Capability
CAP_6EC648459615,Capability,新兴软件及服务。拥有多项图像处理,新兴软件及服务。拥有多项图像处理,company-info_with_url.xlsx,Capability
CAP_3629B1D48F6F,Capability,智能锁等相关专利。,智能锁等相关专利。,company-info_with_url.xlsx,Capability
IND_DCA42F40BA7D,Industry,智能科技,智能科技,company-info_with_url.xlsx,Industry
IND_C3E66B299EF6,Industry,计算机科技,计算机科技,company-info_with_url.xlsx,Industry
IND_915769B4DDB2,Industry,智能制造。,智能制造。,company-info_with_url.xlsx,Industry
SCN_E2B9131D4B43,Scenario,图像处理,图像处理,company-info_with_url.xlsx,Scenario
SCN_430DBDD8179C,Scenario,人脸识别,人脸识别,company-info_with_url.xlsx,Scenario
SCN_86D50654244C,Scenario,智能锁,智能锁,company-info_with_url.xlsx,Scenario
SCN_D359F4A3B613,Scenario,视频流处理,视频流处理,company-info_with_url.xlsx,Scenario
SCN_9F1A76D17402,Scenario,相机成像补光等。,相机成像补光等。,company-info_with_url.xlsx,Scenario
CAP_F7C79D1AE404,Capability,大型低温制冷技术（20K以下）,大型低温制冷技术（20k以下）,company-info_with_url.xlsx,Capability
CAP_C898CFB49466,Capability,液氢,液氢,company-info_with_url.xlsx,Capability
CAP_EFFAF072B038,Capability,液氦低温制冷装备,液氦低温制冷装备,company-info_with_url.xlsx,Capability
CAP_54015E1B31D8,Capability,氢氦制冷机,氢氦制冷机,company-info_with_url.xlsx,Capability
CAP_ABA3EE63D072,Capability,液化装置,液化装置,company-info_with_url.xlsx,Capability
CAP_8DED34BC2D4B,Capability,BOG低温提氦装置,bog低温提氦装置,company-info_with_url.xlsx,Capability
CAP_7C4E6B66F163,Capability,稀有气体精制装置,稀有气体精制装置,company-info_with_url.xlsx,Capability
CAP_8B8113E8318F,Capability,大型氢液化设备（100%国产化,大型氢液化设备（100%国产化,company-info_with_url.xlsx,Capability
CAP_6974BE52434B,Capability,液化能力5吨,液化能力5吨,company-info_with_url.xlsx,Capability
CAP_110852A9991D,Capability,天）,天）,company-info_with_url.xlsx,Capability
IND_40C358B493E8,Industry,双碳,双碳,company-info_with_url.xlsx,Industry
IND_B3C64B35DDD1,Industry,智能制造等行业。具体应用于氢能供给和储运,智能制造等行业。具体应用于氢能供给和储运,company-info_with_url.xlsx,Industry
IND_4A54A2109D87,Industry,工业气体和电子特气,工业气体和电子特气,company-info_with_url.xlsx,Industry
IND_D42A4816DE75,Industry,低温装备及配套产品。,低温装备及配套产品。,company-info_with_url.xlsx,Industry
SCN_BD26BE343321,Scenario,1. 战略气体资源（如氦气）的提取,1. 战略气体资源（如氦气）的提取,company-info_with_url.xlsx,Scenario
SCN_FEB36D934CAA,Scenario,纯化与液化,纯化与液化,company-info_with_url.xlsx,Scenario
SCN_130840407337,Scenario,保障大科学和国防安全。2. 氢能源市场的氢液化,保障大科学和国防安全。2. 氢能源市场的氢液化,company-info_with_url.xlsx,Scenario
SCN_FACF677B1AEA,Scenario,储运与供给。3. 为工业领域提供液体氧氮氩,储运与供给。3. 为工业领域提供液体氧氮氩,company-info_with_url.xlsx,Scenario
SCN_2F8F488D4C3B,Scenario,高纯氢气与稀有气体等气体应用一体化工程解决方案。,高纯氢气与稀有气体等气体应用一体化工程解决方案。,company-info_with_url.xlsx,Scenario
DEM_5495192B3E74,DemandTag,根据其刚完成C轮融资（8亿元）的情况判断,根据其刚完成c轮融资（8亿元）的情况判断,company-info_with_url.xlsx,DemandTag
DEM_7B43DDBD6A3C,DemandTag,当前可能最需要市场拓展资源,当前可能最需要市场拓展资源,company-info_with_url.xlsx,DemandTag
DEM_80BB9478A178,DemandTag,产业链合作资源以及规模化生产所需的资本支持,产业链合作资源以及规模化生产所需的资本支持,company-info_with_url.xlsx,DemandTag
DEM_A6D4251C40EA,DemandTag,以抓住氢能等市场机遇。,以抓住氢能等市场机遇。,company-info_with_url.xlsx,DemandTag
PROD_BC3B2ABCF512,Product,碳纳米管宏观体材料（纤维,碳纳米管宏观体材料（纤维,company-info_with_url.xlsx,Product
PROD_56761CDA1C8F,Product,气凝胶）的批量化制备,气凝胶）的批量化制备,company-info_with_url.xlsx,Product
PROD_63AF81B37D4F,Product,屏蔽绕包带。,屏蔽绕包带。,company-info_with_url.xlsx,Product
IND_DECCEEBC3535,Industry,汽车工业（内饰加热,汽车工业（内饰加热,company-info_with_url.xlsx,Industry
IND_CBB64DCF729F,Industry,电池包加热）,电池包加热）,company-info_with_url.xlsx,Industry
IND_CF5633709D02,Industry,工业制造（电线屏蔽层,工业制造（电线屏蔽层,company-info_with_url.xlsx,Industry
IND_09F25D5F398A,Industry,管道伴热,管道伴热,company-info_with_url.xlsx,Industry
IND_11CF5B8ED7D9,Industry,防除冰）,防除冰）,company-info_with_url.xlsx,Industry
IND_BA2CDA67DB18,Industry,军工（电磁屏蔽,军工（电磁屏蔽,company-info_with_url.xlsx,Industry
IND_E6C33FF55E68,Industry,红外隐身,红外隐身,company-info_with_url.xlsx,Industry
IND_16429045B846,Industry,电磁加热）,电磁加热）,company-info_with_url.xlsx,Industry
IND_57D3DE4B2150,Industry,能源（电池集流体,能源（电池集流体,company-info_with_url.xlsx,Industry
IND_B8C6AE69ED7B,Industry,超级电容）,超级电容）,company-info_with_url.xlsx,Industry
IND_B98286314F81,Industry,电子（铜基导电浆料,电子（铜基导电浆料,company-info_with_url.xlsx,Industry
IND_2E967F7D0D51,Industry,3D打印铜,3d打印铜,company-info_with_url.xlsx,Industry
IND_E1ACE0C97841,Industry,集成电路封装材料,集成电路封装材料,company-info_with_url.xlsx,Industry
IND_311492579895,Industry,连接器,连接器,company-info_with_url.xlsx,Industry
IND_9756996939BF,Industry,铁路接触线,铁路接触线,company-info_with_url.xlsx,Industry
IND_E034E1B240F9,Industry,电机）。,电机）。,company-info_with_url.xlsx,Industry
SCN_AEAAB2C2C1D6,Scenario,车用内饰及电池加热,车用内饰及电池加热,company-info_with_url.xlsx,Scenario
SCN_6D104741AF90,Scenario,工业管道伴热与电线屏蔽,工业管道伴热与电线屏蔽,company-info_with_url.xlsx,Scenario
SCN_965AF43BA488,Scenario,军用电磁屏蔽与隐身,军用电磁屏蔽与隐身,company-info_with_url.xlsx,Scenario
SCN_BAC90C833C71,Scenario,电池集流体,电池集流体,company-info_with_url.xlsx,Scenario
SCN_BC661185EE24,Scenario,太阳能电池用铜基导电浆料,太阳能电池用铜基导电浆料,company-info_with_url.xlsx,Scenario
SCN_6912C1450F6C,Scenario,航空航天部件3D打印,航空航天部件3d打印,company-info_with_url.xlsx,Scenario
SCN_D035C349F746,Scenario,集成电路封装,集成电路封装,company-info_with_url.xlsx,Scenario
SCN_72C9369E0945,Scenario,铁路接触线等。,铁路接触线等。,company-info_with_url.xlsx,Scenario
CUS_D3E90F61259B,Customer,零星服装,零星服装,company-info_with_url.xlsx,Customer
CUS_7632AD35393B,Customer,家居,家居,company-info_with_url.xlsx,Customer
CUS_8EF249A5C607,Customer,理疗领域客户,理疗领域客户,company-info_with_url.xlsx,Customer
CUS_0083EDAC0305,Customer,与一汽商用汽车在座椅加热领域展开研究合作,与一汽商用汽车在座椅加热领域展开研究合作,company-info_with_url.xlsx,Customer
CUS_C623409B4905,Customer,与国内重点高校研究所开展批量试验合作,与国内重点高校研究所开展批量试验合作,company-info_with_url.xlsx,Customer
CUS_8F64D5FDACE1,Customer,与国网公司开展结构件性能验证合作。,与国网公司开展结构件性能验证合作。,company-info_with_url.xlsx,Customer
DEM_F9E78C552777,DemandTag,大规模商业化订单和市场渠道拓展资源,大规模商业化订单和市场渠道拓展资源,company-info_with_url.xlsx,DemandTag
DEM_E0D62EB076D3,DemandTag,可能还需要进一步的生产资金或产业链上下游合作资源以扩大产能和应用领域。,可能还需要进一步的生产资金或产业链上下游合作资源以扩大产能和应用领域。,company-info_with_url.xlsx,DemandTag
PROD_B01B05045C7C,Product,短波信号频谱监测平台,短波信号频谱监测平台,company-info_with_url.xlsx,Product
PROD_7F4946D951F0,Product,“白头翁”信号分析工具软件,“白头翁”信号分析工具软件,company-info_with_url.xlsx,Product
PROD_9E76ED3BA118,Product,电子侦控平台,电子侦控平台,company-info_with_url.xlsx,Product
PROD_5F86A850B8D9,Product,手机信号处理平台,手机信号处理平台,company-info_with_url.xlsx,Product
PROD_85FF901948CD,Product,特种电子训练平台等。,特种电子训练平台等。,company-info_with_url.xlsx,Product
IND_B1FD0375027D,Industry,信息传输,信息传输,company-info_with_url.xlsx,Industry
IND_AA49062E4C30,Industry,软件和信息技术服务业,软件和信息技术服务业,company-info_with_url.xlsx,Industry
PROD_1803DC4F995E,Product,包括纽扣式电池,包括纽扣式电池,company-info_with_url.xlsx,Product
CAP_73A6CF109E6E,Capability,采用自主开发的锂金属电极界面控制技术以及独特的电解质技术。,采用自主开发的锂金属电极界面控制技术以及独特的电解质技术。,company-info_with_url.xlsx,Capability
IND_984EB97200CD,Industry,消费电子（如纽扣电池应用）。,消费电子（如纽扣电池应用）。,company-info_with_url.xlsx,Industry
SCN_89AD9C672FB6,Scenario,电动汽车动力电池,电动汽车动力电池,company-info_with_url.xlsx,Scenario
SCN_3A24E85BA839,Scenario,消费电子设备电池,消费电子设备电池,company-info_with_url.xlsx,Scenario
SCN_3107F24EAB95,Scenario,储能系统。,储能系统。,company-info_with_url.xlsx,Scenario
DEM_295B79D2BA12,DemandTag,资金（用于固态电池研发,资金（用于固态电池研发,company-info_with_url.xlsx,DemandTag
DEM_96A02D401FF5,DemandTag,市场拓展及产能建设）,市场拓展及产能建设）,company-info_with_url.xlsx,DemandTag
DEM_BFD854936EBB,DemandTag,产业链合作伙伴（材料,产业链合作伙伴（材料,company-info_with_url.xlsx,DemandTag
DEM_0C1131E2A115,DemandTag,设备,设备,company-info_with_url.xlsx,DemandTag
DEM_0EAD79728D7F,DemandTag,整车厂）,整车厂）,company-info_with_url.xlsx,DemandTag
DEM_7E806A672D9B,DemandTag,技术人才及规模化生产经验。,技术人才及规模化生产经验。,company-info_with_url.xlsx,DemandTag
PROD_467C0FB427A5,Product,包括：1）3D Chiplet通用底座（高算力芯片平台）,包括：1）3d chiplet通用底座（高算力芯片平台）,company-info_with_url.xlsx,Product
PROD_D36AD036F144,Product,2）高速连接芯粒及IP（实现超高速多维互联）,2）高速连接芯粒及ip（实现超高速多维互联）,company-info_with_url.xlsx,Product
PROD_6B5AADB13068,Product,3）专用设计工具（助力Chiplet系统设计）,3）专用设计工具（助力chiplet系统设计）,company-info_with_url.xlsx,Product
CAP_DA35F904BAF1,Capability,量产封测）。,量产封测）。,company-info_with_url.xlsx,Capability
CUS_C44F8B93A006,Customer,国产fabless,国产fabless,company-info_with_url.xlsx,Customer
CUS_F1D46B9BD71A,Customer,GPU,gpu,company-info_with_url.xlsx,Customer
CUS_8437BD733533,Customer,CPU厂商,cpu厂商,company-info_with_url.xlsx,Customer
CAP_9E1CDAEB8DDA,Capability,基于Hybrid Vision®融合视觉技术的ALPIX系列融合视觉传感芯片（如ALPIX-Pizol,基于hybrid vision®融合视觉技术的alpix系列融合视觉传感芯片（如alpix-pizol,company-info_with_url.xlsx,Capability
CAP_0C5FDA727350,Capability,ALPIX-Eiger,alpix-eiger,company-info_with_url.xlsx,Capability
CAP_B79FD5CE7439,Capability,ALPIX-Titlis等）,alpix-titlis等）,company-info_with_url.xlsx,Capability
CAP_BE2EA32FCFB8,Capability,同一芯片可同时输出高质量图像数据和事件流。,同一芯片可同时输出高质量图像数据和事件流。,company-info_with_url.xlsx,Capability
IND_CE63E55C3484,Industry,智能安防,智能安防,company-info_with_url.xlsx,Industry
IND_438F4C5D73EE,Industry,PC,pc,company-info_with_url.xlsx,Industry
IND_DEE9B9EB7A23,Industry,IoT等。,iot等。,company-info_with_url.xlsx,Industry
SCN_97F72549783E,Scenario,1. 芯片销售：应用于智能手机,1. 芯片销售：应用于智能手机,company-info_with_url.xlsx,Scenario
SCN_4CC08F348086,Scenario,安防领域。2. 模组销售：提供基于ALPIX芯片的摄像头模组,安防领域。2. 模组销售：提供基于alpix芯片的摄像头模组,company-info_with_url.xlsx,Scenario
SCN_AD7B3580923A,Scenario,应用于智能家居,应用于智能家居,company-info_with_url.xlsx,Scenario
SCN_345874807045,Scenario,PC,pc,company-info_with_url.xlsx,Scenario
SCN_7E3057C089EC,Scenario,智能汽车等。具体场景包括：毫秒级障碍感知（EVS）,智能汽车等。具体场景包括：毫秒级障碍感知（evs）,company-info_with_url.xlsx,Scenario
SCN_36561AE667BD,Scenario,全天候环境理解（HVS）,全天候环境理解（hvs）,company-info_with_url.xlsx,Scenario
SCN_B6B7CB7C5A7F,Scenario,影像增强,影像增强,company-info_with_url.xlsx,Scenario
SCN_981B5AAF1460,Scenario,AI-ISP,ai-isp,company-info_with_url.xlsx,Scenario
SCN_19B7D0BC70CC,Scenario,视频去模糊,视频去模糊,company-info_with_url.xlsx,Scenario
SCN_77EBA556C05B,Scenario,插帧,插帧,company-info_with_url.xlsx,Scenario
SCN_7FA858097CCA,Scenario,自动驾驶视觉,自动驾驶视觉,company-info_with_url.xlsx,Scenario
SCN_445E286E1831,Scenario,无人机避障,无人机避障,company-info_with_url.xlsx,Scenario
SCN_D440334883C2,Scenario,快速生产线AOI等。,快速生产线aoi等。,company-info_with_url.xlsx,Scenario
DEM_B0334755E457,DemandTag,根据其完成B+轮融资的信息,根据其完成b+轮融资的信息,company-info_with_url.xlsx,DemandTag
DEM_D4D7F3A37B81,DemandTag,资金将主要用于核心技术的持续研发,资金将主要用于核心技术的持续研发,company-info_with_url.xlsx,DemandTag
DEM_C36FD7D64C6E,DemandTag,产品迭代及市场拓展。,产品迭代及市场拓展。,company-info_with_url.xlsx,DemandTag
CAP_BB979B90E90A,Capability,水性烤漆树脂,水性烤漆树脂,company-info_with_url.xlsx,Capability
CAP_97552207624A,Capability,水性丙烯酸改性醇酸树脂,水性丙烯酸改性醇酸树脂,company-info_with_url.xlsx,Capability
CAP_97643C5A9C8E,Capability,水性环氧酯树脂,水性环氧酯树脂,company-info_with_url.xlsx,Capability
CAP_D67B6660699D,Capability,水性环氧树脂,水性环氧树脂,company-info_with_url.xlsx,Capability
CAP_F85BE129D667,Capability,水性助剂,水性助剂,company-info_with_url.xlsx,Capability
CAP_24D361A7736C,Capability,水性环氧固化剂,水性环氧固化剂,company-info_with_url.xlsx,Capability
IND_4D1D611283C9,Industry,涂料行业,涂料行业,company-info_with_url.xlsx,Industry
IND_868BF19CAD93,Industry,特别是工业防腐涂料,特别是工业防腐涂料,company-info_with_url.xlsx,Industry
IND_473B22E705B1,Industry,钢结构涂料领域,钢结构涂料领域,company-info_with_url.xlsx,Industry
SCN_493E70BD47CF,Scenario,钢结构防腐,钢结构防腐,company-info_with_url.xlsx,Scenario
SCN_731FB6E199D9,Scenario,工业建筑防护等领域的涂料涂装,工业建筑防护等领域的涂料涂装,company-info_with_url.xlsx,Scenario
DEM_253BA780B8BF,DemandTag,资金支持（根据天眼查信息,资金支持（根据天眼查信息,company-info_with_url.xlsx,DemandTag
DEM_0592943256E4,DemandTag,公司处于A轮融资阶段）,公司处于a轮融资阶段）,company-info_with_url.xlsx,DemandTag
DEM_7A59D491E630,DemandTag,技术研发人才,技术研发人才,company-info_with_url.xlsx,DemandTag
CAP_B268D9F2A53C,Capability,存算一体AI推理芯片,存算一体ai推理芯片,company-info_with_url.xlsx,Capability
CAP_52B9FD8BEB42,Capability,采用存算一体超异构架构,采用存算一体超异构架构,company-info_with_url.xlsx,Capability
CAP_2F06151D0B89,Capability,结合新型存储器（如ReRAM）与Chiplet架构,结合新型存储器（如reram）与chiplet架构,company-info_with_url.xlsx,Capability
CAP_9400C217BA07,Capability,通过全数字化芯片设计,通过全数字化芯片设计,company-info_with_url.xlsx,Capability
CAP_D2561589FF79,Capability,实现高能效比,实现高能效比,company-info_with_url.xlsx,Capability
CAP_72D37D474E5A,Capability,大算力的AI大算力芯片。已成功回片点亮首颗高精度,大算力的ai大算力芯片。已成功回片点亮首颗高精度,company-info_with_url.xlsx,Capability
CAP_A0FF802B7EC1,Capability,低功耗存算一体AI大算力POC芯片。,低功耗存算一体ai大算力poc芯片。,company-info_with_url.xlsx,Capability
CUS_5B10E8A26B1D,Customer,暂无明确公开信息,暂无明确公开信息,company-info_with_url.xlsx,Customer
SUP_E1CF36DCC95A,Supplier,通过第三方合作支持不同等级自动驾驶算力需求的系列芯片,通过第三方合作支持不同等级自动驾驶算力需求的系列芯片,company-info_with_url.xlsx,Supplier
PROD_AC1095AE5185,Product,卷绕式磁控溅射制备柔性纳米功能薄膜技术,卷绕式磁控溅射制备柔性纳米功能薄膜技术,company-info_with_url.xlsx,Product
PROD_EA223CF3BEAE,Product,纳米复合柔性透明导电膜（包括光学调控层,纳米复合柔性透明导电膜（包括光学调控层,company-info_with_url.xlsx,Product
PROD_6A2AF52F678F,Product,导电主体层及表面功能层的多层复合结构）,导电主体层及表面功能层的多层复合结构）,company-info_with_url.xlsx,Product
PROD_B101671A765B,Product,磁控溅射靶材技术,磁控溅射靶材技术,company-info_with_url.xlsx,Product
PROD_BB3901E8F761,Product,卷绕式磁控溅射量产线设计,卷绕式磁控溅射量产线设计,company-info_with_url.xlsx,Product
PROD_B06FC0A3FA9D,Product,柔性纳米功能器件技术,柔性纳米功能器件技术,company-info_with_url.xlsx,Product
CAP_78120318AB5E,Capability,百兆瓦级先进压缩空气储能系统,百兆瓦级先进压缩空气储能系统,company-info_with_url.xlsx,Capability
CAP_58EC1A6812BF,Capability,包括1.5MW,包括1.5mw,company-info_with_url.xlsx,Capability
CAP_0CB8FA4BC1FF,Capability,10MW及100MW先进压缩空气储能示范系统。核心产品是大规模新型压缩空气储能系统。,10mw及100mw先进压缩空气储能示范系统。核心产品是大规模新型压缩空气储能系统。,company-info_with_url.xlsx,Capability
IND_19807E68C668,Industry,电力储能行业,电力储能行业,company-info_with_url.xlsx,Industry
IND_E80F4ABF6EDB,Industry,特别是大规模电网侧储能。,特别是大规模电网侧储能。,company-info_with_url.xlsx,Industry
SCN_EFB03B2A7A54,Scenario,大规模电网侧储能,大规模电网侧储能,company-info_with_url.xlsx,Scenario
SCN_89D5FC04F949,Scenario,用于电力系统调峰,用于电力系统调峰,company-info_with_url.xlsx,Scenario
SCN_297FFA4288FB,Scenario,调频,调频,company-info_with_url.xlsx,Scenario
SCN_CD1914153675,Scenario,可再生能源消纳等。,可再生能源消纳等。,company-info_with_url.xlsx,Scenario
DEM_124F33192516,DemandTag,资金（用于项目扩张）。根据融资历史,资金（用于项目扩张）。根据融资历史,company-info_with_url.xlsx,DemandTag
DEM_0808595AEA69,DemandTag,公司持续进行大规模融资用于技术研发和项目落地。,公司持续进行大规模融资用于技术研发和项目落地。,company-info_with_url.xlsx,DemandTag
CAP_7D790F67D488,Capability,能量块(eBlock),能量块(eblock),company-info_with_url.xlsx,Capability
CAP_DC8F9DBBCFD2,Capability,能量链(eLink),能量链(elink),company-info_with_url.xlsx,Capability
CAP_54473BA44E49,Capability,能量云(eMind)三大核心产品构成的3e分布式能量块储能系统方案,能量云(emind)三大核心产品构成的3e分布式能量块储能系统方案,company-info_with_url.xlsx,Capability
CAP_EE1C705A1C22,Capability,能量管理系统软件(EMS)的研发与集成技术。,能量管理系统软件(ems)的研发与集成技术。,company-info_with_url.xlsx,Capability
CAP_D30636D2BC5F,Capability,专注用前沿科技及大数据分析为行业提供专业生态数据服务和综合解决方案,专注用前沿科技及大数据分析为行业提供专业生态数据服务和综合解决方案,company-info_with_url.xlsx,Capability
IND_2DE9397EC7FA,Industry,生物多样性保护研究,生物多样性保护研究,company-info_with_url.xlsx,Industry
IND_08580C6D1DF0,Industry,自然生态保护,自然生态保护,company-info_with_url.xlsx,Industry
SCN_B658C731BBC2,Scenario,为生物多样性保护研究领域提供生态数据服务和解决方案,为生物多样性保护研究领域提供生态数据服务和解决方案,company-info_with_url.xlsx,Scenario
CAP_8E94D0429AB2,Capability,半导体激光芯片,半导体激光芯片,company-info_with_url.xlsx,Capability
CAP_0C3DB73E38C0,Capability,高功率半导体激光器,高功率半导体激光器,company-info_with_url.xlsx,Capability
CAP_BA112616D21A,Capability,8XX系列,8xx系列,company-info_with_url.xlsx,Capability
CAP_04E567FE0E9B,Capability,9XX系列,9xx系列,company-info_with_url.xlsx,Capability
CAP_D2B2CDB57648,Capability,650nm红光系列,650nm红光系列,company-info_with_url.xlsx,Capability
IND_7E97DFCAEC1D,Industry,电气电子,电气电子,company-info_with_url.xlsx,Industry
SCN_3620DF6BA5B6,Scenario,高功率半导体激光器,高功率半导体激光器,company-info_with_url.xlsx,Scenario
SCN_58947F5AB47E,Scenario,光电子材料与器件,光电子材料与器件,company-info_with_url.xlsx,Scenario
CAP_FDFD54FC2D06,Capability,超导腔等高端装备核心部件的精密加工解决方案,超导腔等高端装备核心部件的精密加工解决方案,company-info_with_url.xlsx,Capability
CAP_9461A31A011E,Capability,具体包括超导腔加工（涉及微小零件冲压,具体包括超导腔加工（涉及微小零件冲压,company-info_with_url.xlsx,Capability
CAP_5360F5E5D757,Capability,机加,机加,company-info_with_url.xlsx,Capability
CAP_983B1107D879,Capability,矫形,矫形,company-info_with_url.xlsx,Capability
CAP_0D9FC29E99AF,Capability,电子束焊接,电子束焊接,company-info_with_url.xlsx,Capability
CAP_E02D26078A66,Capability,纳米级表面处理）以及基于特种焊接优势的高端零部件数控精密机加,纳米级表面处理）以及基于特种焊接优势的高端零部件数控精密机加,company-info_with_url.xlsx,Capability
CAP_2DE791584498,Capability,特种工艺处理,特种工艺处理,company-info_with_url.xlsx,Capability
CAP_BF53DCC707FD,Capability,部组件装配全流程业务。,部组件装配全流程业务。,company-info_with_url.xlsx,Capability
IND_64DB82E293C3,Industry,大科学装置（如粒子加速器）,大科学装置（如粒子加速器）,company-info_with_url.xlsx,Industry
IND_532DF5528C09,Industry,核能（小型反应堆）,核能（小型反应堆）,company-info_with_url.xlsx,Industry
IND_CE415D99EF9D,Industry,科研院所及制造企业的高难度焊接与精密加工领域。,科研院所及制造企业的高难度焊接与精密加工领域。,company-info_with_url.xlsx,Industry
SCN_6D7DAC88C318,Scenario,1. 超导腔制造：用于粒子加速器等大科学装置的核心部件。2. 高端零部件精密加工：服务于需要高精度,1. 超导腔制造：用于粒子加速器等大科学装置的核心部件。2. 高端零部件精密加工：服务于需要高精度,company-info_with_url.xlsx,Scenario
SCN_320A438EFCBA,Scenario,特种焊接及复杂工艺的装备制造领域。,特种焊接及复杂工艺的装备制造领域。,company-info_with_url.xlsx,Scenario
DEM_EF953CCDC36F,DemandTag,资金用于扩建超导加速腔生产产能并推动小型反应堆壳体等新业务（据Pre-A轮融资用途）。同时,资金用于扩建超导加速腔生产产能并推动小型反应堆壳体等新业务（据pre-a轮融资用途）。同时,company-info_with_url.xlsx,DemandTag
DEM_F9BF0A0FA080,DemandTag,需要市场拓展资源,需要市场拓展资源,company-info_with_url.xlsx,DemandTag
DEM_682426253620,DemandTag,规模化生产管理经验及可能的新领域（如核能）客户资源。,规模化生产管理经验及可能的新领域（如核能）客户资源。,company-info_with_url.xlsx,DemandTag
CAP_44E687D8D399,Capability,垂直腔面发射激光器（VCSEL）芯片,垂直腔面发射激光器（vcsel）芯片,company-info_with_url.xlsx,Capability
CAP_6594347B9BFE,Capability,包括用于光通信的850nm 10G,包括用于光通信的850nm 10g,company-info_with_url.xlsx,Capability
CAP_D34DC2F9BBFE,Capability,25G,25g,company-info_with_url.xlsx,Capability
CAP_33EBB6852608,Capability,56G PAM4,56g pam4,company-info_with_url.xlsx,Capability
CAP_FA088080091E,Capability,112G PAM4 VCSEL芯片,112g pam4 vcsel芯片,company-info_with_url.xlsx,Capability
CAP_21D6E2100B83,Capability,以及用于3D感测的940nm VCSEL结构光芯片,以及用于3d感测的940nm vcsel结构光芯片,company-info_with_url.xlsx,Capability
CAP_F9EE02234546,Capability,850nm及940nm VCSEL TOF芯片。拥有全流程,850nm及940nm vcsel tof芯片。拥有全流程,company-info_with_url.xlsx,Capability
CAP_74C707E44D5B,Capability,完整,完整,company-info_with_url.xlsx,Capability
CAP_06F68CBC0428,Capability,独立的化合物半导体光电子芯片IDM生产线。,独立的化合物半导体光电子芯片idm生产线。,company-info_with_url.xlsx,Capability
IND_4EFE8F651707,Industry,光通信（光纤到户,光通信（光纤到户,company-info_with_url.xlsx,Industry
IND_32864B895DC3,Industry,数据中心与云计算,数据中心与云计算,company-info_with_url.xlsx,Industry
IND_96893E59EEBA,Industry,5G移动通信网络）,5g移动通信网络）,company-info_with_url.xlsx,Industry
IND_CCFFD86BC274,Industry,工业物联网,工业物联网,company-info_with_url.xlsx,Industry
IND_9549442662B1,Industry,消费电子（3D感测）。,消费电子（3d感测）。,company-info_with_url.xlsx,Industry
SCN_3D786778FC83,Scenario,1. 光通信：数据中心（IDC）,1. 光通信：数据中心（idc）,company-info_with_url.xlsx,Scenario
SCN_BE7C4F0F7C5A,Scenario,通信机房,通信机房,company-info_with_url.xlsx,Scenario
SCN_7ADF92012E1D,Scenario,接入网的光纤数据传输。2. 光感：HDMI光纤连接线,接入网的光纤数据传输。2. 光感：hdmi光纤连接线,company-info_with_url.xlsx,Scenario
SCN_D6384F10C72B,Scenario,3D结构光感测,3d结构光感测,company-info_with_url.xlsx,Scenario
SCN_7AEF004E3ABF,Scenario,TOF（飞行时间）感测。,tof（飞行时间）感测。,company-info_with_url.xlsx,Scenario
CUS_74234F84B7CA,Customer,国内光通信模块厂,国内光通信模块厂,company-info_with_url.xlsx,Customer
CUS_674D30B60426,Customer,设备厂（具体名称未披露）,设备厂（具体名称未披露）,company-info_with_url.xlsx,Customer
DEM_7FED6B6BD1DD,DemandTag,市场资源：推动其光感类VCSEL芯片（如用于3D感测）在国内安卓市场的大规模应用。资金资源：持续研发投入（如112G PAM4芯片）和产能扩张。产业链资源：深化与下游模块厂,市场资源：推动其光感类vcsel芯片（如用于3d感测）在国内安卓市场的大规模应用。资金资源：持续研发投入（如112g pam4芯片）和产能扩张。产业链资源：深化与下游模块厂,company-info_with_url.xlsx,DemandTag
DEM_14CDF74B7877,DemandTag,设备厂及终端应用厂商的合作。,设备厂及终端应用厂商的合作。,company-info_with_url.xlsx,DemandTag
IND_EFB670869DC4,Industry,毫米波传感器,毫米波传感器,company-info_with_url.xlsx,Industry
IND_01B9C0E68CAD,Industry,卫星通信等无线领域,卫星通信等无线领域,company-info_with_url.xlsx,Industry
SCN_D22210F667C5,Scenario,毫米波传感器,毫米波传感器,company-info_with_url.xlsx,Scenario
SCN_3BC083CCF3A0,Scenario,移动通信,移动通信,company-info_with_url.xlsx,Scenario
SCN_0EADB3C44FBF,Scenario,卫星通信,卫星通信,company-info_with_url.xlsx,Scenario
PROD_2A7CD602D976,Product,包括：“虚拟电厂软硬件系统”,包括：“虚拟电厂软硬件系统”,company-info_with_url.xlsx,Product
CAP_2A00B5376813,Capability,首创国产IPT（Information Pipe Technology）技术,首创国产ipt（information pipe technology）技术,company-info_with_url.xlsx,Capability
CAP_91D834F32D80,Capability,即智慧能源系统底层智能物联网分布式测控技术,即智慧能源系统底层智能物联网分布式测控技术,company-info_with_url.xlsx,Capability
IND_299E92AD2B12,Industry,新能源系统（电力,新能源系统（电力,company-info_with_url.xlsx,Industry
IND_C178EDAE6421,Industry,制氢）,制氢）,company-info_with_url.xlsx,Industry
IND_36DAC6B6EBB3,Industry,智慧园区,智慧园区,company-info_with_url.xlsx,Industry
IND_02CF26D2BA6F,Industry,污水处理,污水处理,company-info_with_url.xlsx,Industry
IND_53A8E310D902,Industry,电网调度等能源与工业领域。,电网调度等能源与工业领域。,company-info_with_url.xlsx,Industry
SCN_D8A0AC3439BB,Scenario,1. 虚拟电厂（如聊城城南污水处理厂项目）,1. 虚拟电厂（如聊城城南污水处理厂项目）,company-info_with_url.xlsx,Scenario
SCN_5DC8ADD51F4D,Scenario,2. 智慧园区,2. 智慧园区,company-info_with_url.xlsx,Scenario
SCN_0A07F8B68E22,Scenario,3. 风电制氢控制,3. 风电制氢控制,company-info_with_url.xlsx,Scenario
SCN_7097295EEA8D,Scenario,4. 电解槽电压检测,4. 电解槽电压检测,company-info_with_url.xlsx,Scenario
SCN_96FA402F8CB4,Scenario,5. 无人变电站智能物联与电网调度测控（如浙江电科院项目）。,5. 无人变电站智能物联与电网调度测控（如浙江电科院项目）。,company-info_with_url.xlsx,Scenario
DEM_1F18E8040BF9,DemandTag,根据其种子轮融资用途,根据其种子轮融资用途,company-info_with_url.xlsx,DemandTag
DEM_0D7E98D7B73D,DemandTag,主要用于人才团队建设和市场拓展,主要用于人才团队建设和市场拓展,company-info_with_url.xlsx,DemandTag
DEM_926F2671CFB1,DemandTag,以及加速标准产品线的开发和市场推广。因此最需要人才资源和市场渠道资源。,以及加速标准产品线的开发和市场推广。因此最需要人才资源和市场渠道资源。,company-info_with_url.xlsx,DemandTag
PROD_69B315C5A1B2,Product,电子产品检测,电子产品检测,company-info_with_url.xlsx,Product
PROD_ED36E65E5CB4,Product,电子产品设计服务,电子产品设计服务,company-info_with_url.xlsx,Product
PROD_B6494376B0E6,Product,新材料技术推广服务。,新材料技术推广服务。,company-info_with_url.xlsx,Product
IND_C55137788CBA,Industry,电子工程,电子工程,company-info_with_url.xlsx,Industry
IND_85EC64D8BF1D,Industry,新材料领域。,新材料领域。,company-info_with_url.xlsx,Industry
SCN_F01D470A78C9,Scenario,电子工程设计,电子工程设计,company-info_with_url.xlsx,Scenario
SCN_176E888AF630,Scenario,电子产品检测与设计,电子产品检测与设计,company-info_with_url.xlsx,Scenario
SCN_2DDAB30A39AE,Scenario,信息电子技术服务,信息电子技术服务,company-info_with_url.xlsx,Scenario
SCN_A136B6549A11,Scenario,新材料技术推广。,新材料技术推广。,company-info_with_url.xlsx,Scenario
DEM_F4E9C9F752D6,DemandTag,投资。根据PDF信息,投资。根据pdf信息,company-info_with_url.xlsx,DemandTag
DEM_AB6B439546CE,DemandTag,公司正在寻求融资（投资建议书）。,公司正在寻求融资（投资建议书）。,company-info_with_url.xlsx,DemandTag
CAP_480130D30B0C,Capability,软件开发,软件开发,company-info_with_url.xlsx,Capability
CAP_00C29D29E5CF,Capability,光通信设备制造,光通信设备制造,company-info_with_url.xlsx,Capability
CAP_47E69FBA66E2,Capability,导航终端制造,导航终端制造,company-info_with_url.xlsx,Capability
CAP_10866C58FD0F,Capability,高性能纤维及复合材料制造,高性能纤维及复合材料制造,company-info_with_url.xlsx,Capability
CAP_C69E9F2395C8,Capability,专业设计服务,专业设计服务,company-info_with_url.xlsx,Capability
CAP_C60BC73D3AB9,Capability,卫星遥感应用系统,卫星遥感应用系统,company-info_with_url.xlsx,Capability
IND_F00204AE8A7B,Industry,卫星制造,卫星制造,company-info_with_url.xlsx,Industry
IND_CB40D4226042,Industry,遥感应用,遥感应用,company-info_with_url.xlsx,Industry
IND_F9126C2CCEE3,Industry,导航,导航,company-info_with_url.xlsx,Industry
SCN_BE6E0D14DAE2,Scenario,卫星制造,卫星制造,company-info_with_url.xlsx,Scenario
SCN_3AE540308D5E,Scenario,卫星遥感数据处理与应用,卫星遥感数据处理与应用,company-info_with_url.xlsx,Scenario
SCN_4F6CD26FCF05,Scenario,导航终端,导航终端,company-info_with_url.xlsx,Scenario
SCN_399827F01B82,Scenario,光通信设备,光通信设备,company-info_with_url.xlsx,Scenario
DEM_25168DB40873,DemandTag,资金（用于研发,资金（用于研发,company-info_with_url.xlsx,DemandTag
DEM_870F2610B59B,DemandTag,生产及星座计划扩张）,生产及星座计划扩张）,company-info_with_url.xlsx,DemandTag
CAP_F53848F217AB,Capability,AI光学芯片,ai光学芯片,company-info_with_url.xlsx,Capability
CAP_81D7EC75498D,Capability,基于光子电路技术加速信息处理,基于光子电路技术加速信息处理,company-info_with_url.xlsx,Capability
CAP_2534D3B53B44,Capability,使用光子进行计算和信号传输。,使用光子进行计算和信号传输。,company-info_with_url.xlsx,Capability
IND_A318617E258A,Industry,高性能计算。,高性能计算。,company-info_with_url.xlsx,Industry
DEM_B212E19E2A25,DemandTag,商业化落地场景。,商业化落地场景。,company-info_with_url.xlsx,DemandTag
CAP_338A9CB2BE47,Capability,一体式微模块数据中心创新解决方案,一体式微模块数据中心创新解决方案,company-info_with_url.xlsx,Capability
CAP_319B6ED66B13,Capability,用于智能算力分中心建设。,用于智能算力分中心建设。,company-info_with_url.xlsx,Capability
IND_D397B61AAAA4,Industry,数字经济,数字经济,company-info_with_url.xlsx,Industry
IND_3909A45BA54E,Industry,数据中心建设,数据中心建设,company-info_with_url.xlsx,Industry
SCN_DBEF9242BB12,Scenario,中科融合算力中心及各地智能分中心的建设。,中科融合算力中心及各地智能分中心的建设。,company-info_with_url.xlsx,Scenario
CAP_E2A39BEB6368,Capability,气体扩散层和高性能碳材料,气体扩散层和高性能碳材料,company-info_with_url.xlsx,Capability
CAP_5D56F74B2BEB,Capability,具体包括燃料电池和制氢电池用的炭纸和气体扩散层。,具体包括燃料电池和制氢电池用的炭纸和气体扩散层。,company-info_with_url.xlsx,Capability
IND_2ADC537FB13D,Industry,氢能与燃料电池,氢能与燃料电池,company-info_with_url.xlsx,Industry
IND_501AA3BA4255,Industry,制氢电池,制氢电池,company-info_with_url.xlsx,Industry
IND_E9D4E1EF9C68,Industry,储能电池等能源领域。,储能电池等能源领域。,company-info_with_url.xlsx,Industry
SCN_23F322E54779,Scenario,燃料电池,燃料电池,company-info_with_url.xlsx,Scenario
SCN_436A843AE9EE,Scenario,制氢电池,制氢电池,company-info_with_url.xlsx,Scenario
SCN_C2CA7A7D3B38,Scenario,储能电池等能源电池的核心材料。,储能电池等能源电池的核心材料。,company-info_with_url.xlsx,Scenario
DEM_1078D4ECA9F3,DemandTag,用于储能电池产品产业化,用于储能电池产品产业化,company-info_with_url.xlsx,DemandTag
DEM_56BD19A69DA8,DemandTag,技术研发实力提升及产品市场推广。,技术研发实力提升及产品市场推广。,company-info_with_url.xlsx,DemandTag
CAP_793444A2F5A7,Capability,AI OS（企业级AI操作系统）,ai os（企业级ai操作系统）,company-info_with_url.xlsx,Capability
CAP_6B2DE0E796B9,Capability,包括AI Infra（多层次算力基础设施）,包括ai infra（多层次算力基础设施）,company-info_with_url.xlsx,Capability
CAP_0EAAE2A83381,Capability,MaaS（模型即服务平台）,maas（模型即服务平台）,company-info_with_url.xlsx,Capability
CAP_A31DF15DAD1E,Capability,OS UI（用户交互界面）,os ui（用户交互界面）,company-info_with_url.xlsx,Capability
CAP_4311318A2319,Capability,生产要素建模工具,生产要素建模工具,company-info_with_url.xlsx,Capability
CAP_61FB9D92ADBC,Capability,持续优化工具,持续优化工具,company-info_with_url.xlsx,Capability
CAP_0A28150A8644,Capability,模型训练工具,模型训练工具,company-info_with_url.xlsx,Capability
CAP_DCFE0460CDFF,Capability,行业数据增强方案,行业数据增强方案,company-info_with_url.xlsx,Capability
CAP_0609A42703FB,Capability,Level 3学习新范式（企业生产流程建模与自动优化）。,level 3学习新范式（企业生产流程建模与自动优化）。,company-info_with_url.xlsx,Capability
IND_C15A3756DB9F,Industry,法律,法律,company-info_with_url.xlsx,Industry
IND_3055F7692939,Industry,政务,政务,company-info_with_url.xlsx,Industry
IND_E8402A325073,Industry,医药等千行百业。,医药等千行百业。,company-info_with_url.xlsx,Industry
SCN_6161D799BAA3,Scenario,企业,企业,company-info_with_url.xlsx,Scenario
SCN_0FA6B3520337,Scenario,组织降本增效,组织降本增效,company-info_with_url.xlsx,Scenario
SCN_C0F9201BC034,Scenario,政府普惠服务,政府普惠服务,company-info_with_url.xlsx,Scenario
SCN_C463BDD1A0ED,Scenario,企业扩大销售,企业扩大销售,company-info_with_url.xlsx,Scenario
SCN_E78F44115DCD,Scenario,企业应用大模型,企业应用大模型,company-info_with_url.xlsx,Scenario
SCN_00CECE2CB3CB,Scenario,AI转型咨询与落地实施（包括建模,ai转型咨询与落地实施（包括建模,company-info_with_url.xlsx,Scenario
SCN_1772DA5A60FF,Scenario,方案设计,方案设计,company-info_with_url.xlsx,Scenario
SCN_B56633E334B8,Scenario,模型定制,模型定制,company-info_with_url.xlsx,Scenario
SCN_244929E1FE2D,Scenario,应用开发,应用开发,company-info_with_url.xlsx,Scenario
SCN_8B5191DB550E,Scenario,优化反馈）。,优化反馈）。,company-info_with_url.xlsx,Scenario
CAP_7465462D55D2,Capability,高分子弹性膜真空运载盒（膜盒）,高分子弹性膜真空运载盒（膜盒）,company-info_with_url.xlsx,Capability
CAP_FB7A01FE4A51,Capability,高端UV减粘膜,高端uv减粘膜,company-info_with_url.xlsx,Capability
CAP_E37106F46AD1,Capability,ABF基板堆积膜（替代材料）,abf基板堆积膜（替代材料）,company-info_with_url.xlsx,Capability
CAP_82877CED4051,Capability,LCP粘接胶,lcp粘接胶,company-info_with_url.xlsx,Capability
CAP_43EC2067829A,Capability,环氧电子灌封,环氧电子灌封,company-info_with_url.xlsx,Capability
CAP_38DAF9CB4CC0,Capability,塑封胶,塑封胶,company-info_with_url.xlsx,Capability
IND_8D64AF6D1304,Industry,半导体材料,半导体材料,company-info_with_url.xlsx,Industry
SCN_144A3D827336,Scenario,启停电源,启停电源,company-info_with_url.xlsx,Scenario
SCN_290DFD4A87D3,Scenario,两轮车,两轮车,company-info_with_url.xlsx,Scenario
SCN_1AB15AE27A16,Scenario,储能柜,储能柜,company-info_with_url.xlsx,Scenario
SCN_FE308BF71476,Scenario,数据中心电源,数据中心电源,company-info_with_url.xlsx,Scenario
CUS_CC3A7F356757,Customer,与大型企业合作（具体名称未提供）,与大型企业合作（具体名称未提供）,company-info_with_url.xlsx,Customer
CUS_76836F03122B,Customer,与华为技术有限公司瓦特实验室签署技术开发合同,与华为技术有限公司瓦特实验室签署技术开发合同,company-info_with_url.xlsx,Customer
CUS_CF895F52805A,Customer,与阳江市交通投资集团有限公司合作产业落地,与阳江市交通投资集团有限公司合作产业落地,company-info_with_url.xlsx,Customer
CAP_3DF885BD6A4A,Capability,InP衬底激光器及探测器外延片,inp衬底激光器及探测器外延片,company-info_with_url.xlsx,Capability
CAP_EE318B0788B9,Capability,GaAs衬底850nm,gaas衬底850nm,company-info_with_url.xlsx,Capability
CAP_5B44240A3BBF,Capability,940nm VCSEL外延片,940nm vcsel外延片,company-info_with_url.xlsx,Capability
CAP_8FB40498523E,Capability,GaAs衬底808nm,gaas衬底808nm,company-info_with_url.xlsx,Capability
CAP_18223B859A79,Capability,980nm半导体激光器外延片的研发,980nm半导体激光器外延片的研发,company-info_with_url.xlsx,Capability
IND_FCC78C21B245,Industry,3D传感,3d传感,company-info_with_url.xlsx,Industry
IND_3889C2E09141,Industry,半导体激光器,半导体激光器,company-info_with_url.xlsx,Industry
SCN_68B5B6FE451E,Scenario,3D传感,3d传感,company-info_with_url.xlsx,Scenario
SCN_DC225B174418,Scenario,半导体激光器,半导体激光器,company-info_with_url.xlsx,Scenario
DEM_4C5B3C96A2A2,DemandTag,融资（本轮共融资2400万,融资（本轮共融资2400万,company-info_with_url.xlsx,DemandTag
DEM_4C4DB0DC13C2,DemandTag,出让股权40%）,出让股权40%）,company-info_with_url.xlsx,DemandTag
PROD_FB5E96AD0281,Product,专用设备（已研发至第三代）,专用设备（已研发至第三代）,company-info_with_url.xlsx,Product
PROD_24AFDFBE8AE3,Product,基于不同喷嘴片结构的三种成型技术方案,基于不同喷嘴片结构的三种成型技术方案,company-info_with_url.xlsx,Product
PROD_34B00F6A49FD,Product,3种合金的成型工艺和该技术在TSV,3种合金的成型工艺和该技术在tsv,company-info_with_url.xlsx,Product
PROD_C9E7C886EFA9,Product,TGV,tgv,company-info_with_url.xlsx,Product
PROD_AC5B42A652EF,Product,IPD方面的完整工艺,ipd方面的完整工艺,company-info_with_url.xlsx,Product
CAP_DD99F6E5DE16,Capability,基于晶圆级液态合金微成型技术的晶圆填充代工服务和专用设备销售。核心技术,基于晶圆级液态合金微成型技术的晶圆填充代工服务和专用设备销售。核心技术,company-info_with_url.xlsx,Capability
IND_5FBA535E96A7,Industry,具体为半导体先进封装等中道,具体为半导体先进封装等中道,company-info_with_url.xlsx,Industry
IND_21D12739507D,Industry,后道以及特种器件制造领域。,后道以及特种器件制造领域。,company-info_with_url.xlsx,Industry
SCN_D7B88CD816B1,Scenario,为半导体行业的各类客户提供完整的晶圆级厚金属制造技术,为半导体行业的各类客户提供完整的晶圆级厚金属制造技术,company-info_with_url.xlsx,Scenario
SCN_89832AC8F7E0,Scenario,用于TSV,用于tsv,company-info_with_url.xlsx,Scenario
SCN_C2C0B8398261,Scenario,TGV,tgv,company-info_with_url.xlsx,Scenario
SCN_4CB592AEDEA0,Scenario,IPD等。,ipd等。,company-info_with_url.xlsx,Scenario
DEM_2E876692F28F,DemandTag,本轮共融资470万。,本轮共融资470万。,company-info_with_url.xlsx,DemandTag
IND_BAFF1653AAE7,Industry,具体为商业卫星发射服务,具体为商业卫星发射服务,company-info_with_url.xlsx,Industry
DEM_0DCA2DBF190C,DemandTag,用于A轮融资前搭建公司基础运营架构,用于a轮融资前搭建公司基础运营架构,company-info_with_url.xlsx,DemandTag
CAP_4F1B2CDF2FB2,Capability,基于叶克强老师的脑科学研究成果,基于叶克强老师的脑科学研究成果,company-info_with_url.xlsx,Capability
CAP_2725506A59AB,Capability,针对中枢神经系统疾病,针对中枢神经系统疾病,company-info_with_url.xlsx,Capability
CAP_C41A533AE7C4,Capability,以全新靶点机制切入创新药研发,以全新靶点机制切入创新药研发,company-info_with_url.xlsx,Capability
CAP_F48A2BF75A4B,Capability,全球布局专利多管线推进,全球布局专利多管线推进,company-info_with_url.xlsx,Capability
CAP_949A15BBFE99,Capability,构建高效的CNS创新药研发转化平台。重点适应症瞄准了以神经退行性疾病为主的多种中枢神经系统疾病,构建高效的cns创新药研发转化平台。重点适应症瞄准了以神经退行性疾病为主的多种中枢神经系统疾病,company-info_with_url.xlsx,Capability
CAP_AF4BA1CC40FE,Capability,在研管线可以分为两类,在研管线可以分为两类,company-info_with_url.xlsx,Capability
CAP_BD6DF96FB2A5,Capability,一类是针对BDNF-TrkB信号通路,一类是针对bdnf-trkb信号通路,company-info_with_url.xlsx,Capability
CAP_250043A95B0A,Capability,EBPβ-AEP信号通路等的新药研发管线,ebpβ-aep信号通路等的新药研发管线,company-info_with_url.xlsx,Capability
CAP_008F1EE1F26F,Capability,另一类是针对阿尔茨海默病,另一类是针对阿尔茨海默病,company-info_with_url.xlsx,Capability
CAP_E81FBF458259,Capability,帕金森病的诊断产品。,帕金森病的诊断产品。,company-info_with_url.xlsx,Capability
IND_9698A12449C8,Industry,具体为中枢神经系统疾病（CNS）创新药及诊断产品研发。,具体为中枢神经系统疾病（cns）创新药及诊断产品研发。,company-info_with_url.xlsx,Industry
SCN_4E5A0B7FAA8B,Scenario,帕金森病等神经退行性疾病的治疗与诊断。,帕金森病等神经退行性疾病的治疗与诊断。,company-info_with_url.xlsx,Scenario
DEM_31585981F6B6,DemandTag,本轮共融资3000万,本轮共融资3000万,company-info_with_url.xlsx,DemandTag
CAP_3BD02C90F300,Capability,RoboBrain（通用具身多模态大脑模型）,robobrain（通用具身多模态大脑模型）,company-info_with_url.xlsx,Capability
CAP_D34DEB4E27B8,Capability,RoboOS（跨本体具身大小脑协作框架）,roboos（跨本体具身大小脑协作框架）,company-info_with_url.xlsx,Capability
CAP_C31D261AD755,Capability,多模态空间智能技术,多模态空间智能技术,company-info_with_url.xlsx,Capability
CAP_CE6D8A80CAE8,Capability,视觉语言导航大模型（NavQ）,视觉语言导航大模型（navq）,company-info_with_url.xlsx,Capability
CAP_AE463213724E,Capability,灵巧操作大模型,灵巧操作大模型,company-info_with_url.xlsx,Capability
CAP_DC72BBA9F2BA,Capability,多传感器融合3D目标检测算法（PAI3D）,多传感器融合3d目标检测算法（pai3d）,company-info_with_url.xlsx,Capability
CAP_ED1CB1BCF631,Capability,纯视觉3D目标检测算法（MVS-Fusion）,纯视觉3d目标检测算法（mvs-fusion）,company-info_with_url.xlsx,Capability
CAP_028729BFBCC9,Capability,自动驾驶世界模型（Drive-WM）,自动驾驶世界模型（drive-wm）,company-info_with_url.xlsx,Capability
CAP_FD8FA01638FC,Capability,长时任务规划模型,长时任务规划模型,company-info_with_url.xlsx,Capability
IND_6E94DD54493D,Industry,通用机器人,通用机器人,company-info_with_url.xlsx,Industry
IND_CE6646598B07,Industry,智能配送,智能配送,company-info_with_url.xlsx,Industry
IND_A58916DDA585,Industry,办公,办公,company-info_with_url.xlsx,Industry
IND_937251073EC8,Industry,导览,导览,company-info_with_url.xlsx,Industry
IND_BFEA1E2FE378,Industry,导购,导购,company-info_with_url.xlsx,Industry
IND_ADECDE4021A0,Industry,药店,药店,company-info_with_url.xlsx,Industry
IND_16105CBB2A1F,Industry,商超,商超,company-info_with_url.xlsx,Industry
SCN_FF178FBA629D,Scenario,抓取,抓取,company-info_with_url.xlsx,Scenario
SCN_C0735ED96FA5,Scenario,操作等具身任务,操作等具身任务,company-info_with_url.xlsx,Scenario
SCN_873E6414AF22,Scenario,自动驾驶预测和规划,自动驾驶预测和规划,company-info_with_url.xlsx,Scenario
SCN_687E3772385D,Scenario,跨场景多任务轻量化快速部署与跨本体协作,跨场景多任务轻量化快速部署与跨本体协作,company-info_with_url.xlsx,Scenario
SCN_87A81D636E49,Scenario,多机协同“群体智能”,多机协同“群体智能”,company-info_with_url.xlsx,Scenario
SCN_E5669CE6924A,Scenario,人机交互,人机交互,company-info_with_url.xlsx,Scenario
SCN_B33FAAAEC9A1,Scenario,复杂任务拆解规划与灵巧操作（如叠衣服,复杂任务拆解规划与灵巧操作（如叠衣服,company-info_with_url.xlsx,Scenario
SCN_3866BD8FAB0E,Scenario,转笔）,转笔）,company-info_with_url.xlsx,Scenario
SCN_E0A63B5F5C24,Scenario,移动过程中同时进行操控,移动过程中同时进行操控,company-info_with_url.xlsx,Scenario
SCN_5F0E5C0FD7D1,Scenario,在复杂地形上稳定移动,在复杂地形上稳定移动,company-info_with_url.xlsx,Scenario
SCN_E6EB267DB414,Scenario,整体协调身体执行复杂任务,整体协调身体执行复杂任务,company-info_with_url.xlsx,Scenario
IND_EB5D9AF755F6,Industry,通讯等。,通讯等。,company-info_with_url.xlsx,Industry
SCN_2E11791D4CE2,Scenario,汽车座椅通风,汽车座椅通风,company-info_with_url.xlsx,Scenario
SCN_B900421CA343,Scenario,加热,加热,company-info_with_url.xlsx,Scenario
SCN_E708803991F7,Scenario,制冷,制冷,company-info_with_url.xlsx,Scenario
SCN_2EDD1FA833C1,Scenario,按摩腰托系统,按摩腰托系统,company-info_with_url.xlsx,Scenario
SCN_6CB231B8324E,Scenario,车载冰箱,车载冰箱,company-info_with_url.xlsx,Scenario
SCN_70315D5EB070,Scenario,加热制冷杯托,加热制冷杯托,company-info_with_url.xlsx,Scenario
SCN_FD63D7B95CE9,Scenario,方向盘加热制冷,方向盘加热制冷,company-info_with_url.xlsx,Scenario
SCN_293AD248500D,Scenario,车载无线充电散热,车载无线充电散热,company-info_with_url.xlsx,Scenario
SCN_F2A5F7667DDC,Scenario,半导体芯片散热,半导体芯片散热,company-info_with_url.xlsx,Scenario
SCN_65044130E5D4,Scenario,5G手机散热,5g手机散热,company-info_with_url.xlsx,Scenario
SCN_8453B87DDB92,Scenario,沙发通风加热系统。,沙发通风加热系统。,company-info_with_url.xlsx,Scenario
DEM_01431522AD78,DemandTag,启动融资,启动融资,company-info_with_url.xlsx,DemandTag
DEM_5DBE2EA071F4,DemandTag,预计2024年上半年完成。,预计2024年上半年完成。,company-info_with_url.xlsx,DemandTag
IND_23D6D4BCCE88,Industry,智慧政务,智慧政务,company-info_with_url.xlsx,Industry
IND_73713702DEC7,Industry,智慧教育,智慧教育,company-info_with_url.xlsx,Industry
IND_1AA0D6C9FB70,Industry,智慧医疗,智慧医疗,company-info_with_url.xlsx,Industry
IND_75B471135BE5,Industry,智算中心,智算中心,company-info_with_url.xlsx,Industry
SCN_60A74C5AB5B2,Scenario,医疗器械智能识别与清点（骨科器械,医疗器械智能识别与清点（骨科器械,company-info_with_url.xlsx,Scenario
SCN_10A330F8B142,Scenario,耗材管理）,耗材管理）,company-info_with_url.xlsx,Scenario
SCN_18DB635EC607,Scenario,物流行业票证识别（如身份证,物流行业票证识别（如身份证,company-info_with_url.xlsx,Scenario
SCN_1C91A45A7A2E,Scenario,铁路报关单）,铁路报关单）,company-info_with_url.xlsx,Scenario
SCN_647F4DD72A80,Scenario,智能客服（人才服务）,智能客服（人才服务）,company-info_with_url.xlsx,Scenario
SCN_709E856D318B,Scenario,人工智能计算中心建设（武汉,人工智能计算中心建设（武汉,company-info_with_url.xlsx,Scenario
SCN_515B4F4CD8F9,Scenario,青岛,青岛,company-info_with_url.xlsx,Scenario
SCN_223A90ABE6FC,Scenario,广州,广州,company-info_with_url.xlsx,Scenario
SCN_DC274DBB94C9,Scenario,重庆,重庆,company-info_with_url.xlsx,Scenario
SCN_7A2BA17738C8,Scenario,福建,福建,company-info_with_url.xlsx,Scenario
SCN_1993F48FE489,Scenario,宁波）,宁波）,company-info_with_url.xlsx,Scenario
CUS_FC279ACA0208,Customer,湖北港口集团,湖北港口集团,company-info_with_url.xlsx,Customer
CUS_52F3A27259C7,Customer,武汉东湖高新区,武汉东湖高新区,company-info_with_url.xlsx,Customer
DEM_EAA1F62C749E,DemandTag,算力（国内算力总量不足,算力（国内算力总量不足,company-info_with_url.xlsx,DemandTag
DEM_D0DE15F35A8D,DemandTag,总供给难以满足市场需求,总供给难以满足市场需求,company-info_with_url.xlsx,DemandTag
DEM_ABB89DA114A4,DemandTag,受中美政治环境影响,受中美政治环境影响,company-info_with_url.xlsx,DemandTag
DEM_EF7D67DD0707,DemandTag,较难获得性能最强的英伟达芯片）,较难获得性能最强的英伟达芯片）,company-info_with_url.xlsx,DemandTag
DEM_78C7A2398517,DemandTag,高质量中文数据（中文数据规模与质量不足,高质量中文数据（中文数据规模与质量不足,company-info_with_url.xlsx,DemandTag
DEM_55668A349F8E,DemandTag,互联网公开语料中只占1~2%）,互联网公开语料中只占1~2%）,company-info_with_url.xlsx,DemandTag
PROD_B95410EA5A20,Product,本地加速人形检测与跟踪技术,本地加速人形检测与跟踪技术,company-info_with_url.xlsx,Product
CAP_C5912500DAFE,Capability,研发设计一款拥有机器视觉且可自主移动的智能家庭服务机器人Bingo。核心技术,研发设计一款拥有机器视觉且可自主移动的智能家庭服务机器人bingo。核心技术,company-info_with_url.xlsx,Capability
IND_D20F300FB7F8,Industry,具体面向智能家庭服务。,具体面向智能家庭服务。,company-info_with_url.xlsx,Industry
SCN_851E6DC891C4,Scenario,儿童成长记录等功能。同时为家庭提供全天候自主巡航远程监控,儿童成长记录等功能。同时为家庭提供全天候自主巡航远程监控,company-info_with_url.xlsx,Scenario
DEM_11BC07DEFB8C,DemandTag,资金。正在进行天使轮融资,资金。正在进行天使轮融资,company-info_with_url.xlsx,DemandTag
CAP_B79B7F63A8D7,Capability,5座级eVTOL (TW-5),5座级evtol (tw-5),company-info_with_url.xlsx,Capability
CAP_9665E01F8A5A,Capability,衍生eVTOL(TW-X)物流版和2座级eVTOL(TW-LSA)等产品,衍生evtol(tw-x)物流版和2座级evtol(tw-lsa)等产品,company-info_with_url.xlsx,Capability
CAP_85C6C0AD7AC1,Capability,飞行器轻量化设计,飞行器轻量化设计,company-info_with_url.xlsx,Capability
CAP_452E68E5B5D4,Capability,飞行控制系统设计,飞行控制系统设计,company-info_with_url.xlsx,Capability
CAP_AB36BF1AFBD0,Capability,适航技术及服务,适航技术及服务,company-info_with_url.xlsx,Capability
CAP_D8F821FE63F6,Capability,智能技术技术平台,智能技术技术平台,company-info_with_url.xlsx,Capability
CAP_EF9086C2E3B3,Capability,复杂系统设计,复杂系统设计,company-info_with_url.xlsx,Capability
CAP_34C21D9729C4,Capability,优化和集成平台,优化和集成平台,company-info_with_url.xlsx,Capability
CAP_7AC6B5677A64,Capability,航空轻量化结构技术平台,航空轻量化结构技术平台,company-info_with_url.xlsx,Capability
CAP_0A77ED7BE031,Capability,飞行器适航技术平台,飞行器适航技术平台,company-info_with_url.xlsx,Capability
CAP_2CB16C391EF7,Capability,智能技术平台,智能技术平台,company-info_with_url.xlsx,Capability
IND_522828B033F6,Industry,航空运输,航空运输,company-info_with_url.xlsx,Industry
IND_937C8AED1C9B,Industry,通用航空,通用航空,company-info_with_url.xlsx,Industry
SCN_D465AFC1878B,Scenario,城际：链接多个城市核心地带,城际：链接多个城市核心地带,company-info_with_url.xlsx,Scenario
SCN_690AEB115BFA,Scenario,链接传统地面核心枢纽中心,链接传统地面核心枢纽中心,company-info_with_url.xlsx,Scenario
SCN_92F7962FF036,Scenario,海岛：覆盖多个岛屿,海岛：覆盖多个岛屿,company-info_with_url.xlsx,Scenario
SCN_27E3061DB54C,Scenario,链接地方船只,链接地方船只,company-info_with_url.xlsx,Scenario
SCN_BC6027B9025F,Scenario,山区：横跨山城多个区域,山区：横跨山城多个区域,company-info_with_url.xlsx,Scenario
SCN_D97D46768128,Scenario,衔接城轨,衔接城轨,company-info_with_url.xlsx,Scenario
SCN_5B682B23536D,Scenario,高铁和机场到市中心,高铁和机场到市中心,company-info_with_url.xlsx,Scenario
DEM_BC609FEFC5A9,DemandTag,设计研发投资：10+亿人民币,设计研发投资：10+亿人民币,company-info_with_url.xlsx,DemandTag
IND_7B36C2040005,Industry,能源行业（核能）,能源行业（核能）,company-info_with_url.xlsx,Industry
IND_569AA30F850D,Industry,光伏发电,光伏发电,company-info_with_url.xlsx,Industry
SCN_654B3ED943C8,Scenario,光伏百叶窗,光伏百叶窗,company-info_with_url.xlsx,Scenario
SCN_526FE51D47FD,Scenario,光伏幕墙,光伏幕墙,company-info_with_url.xlsx,Scenario
SCN_0EB15902C256,Scenario,特殊场景光伏产品,特殊场景光伏产品,company-info_with_url.xlsx,Scenario
CAP_A533A6461F96,Capability,秸秆）-二氧化碳法生产二氧化硅,秸秆）-二氧化碳法生产二氧化硅,company-info_with_url.xlsx,Capability
CAP_C48CD58FF5BD,Capability,副产活性炭和碳酸钠。,副产活性炭和碳酸钠。,company-info_with_url.xlsx,Capability
IND_23A4BDEB4525,Industry,口腔护理,口腔护理,company-info_with_url.xlsx,Industry
IND_11E9BF625364,Industry,农化等。,农化等。,company-info_with_url.xlsx,Industry
SCN_9CFC7E1CF0C0,Scenario,轮胎,轮胎,company-info_with_url.xlsx,Scenario
SCN_071AB0C69274,Scenario,鞋材,鞋材,company-info_with_url.xlsx,Scenario
SCN_DCC826D7ACEC,Scenario,牙膏,牙膏,company-info_with_url.xlsx,Scenario
SCN_F24DA728A094,Scenario,饲料,饲料,company-info_with_url.xlsx,Scenario
SCN_3B568E23FB21,Scenario,硅橡胶等领域。,硅橡胶等领域。,company-info_with_url.xlsx,Scenario
CAP_2CAB2B41DAB3,Capability,任意位姿自适应磁悬浮系统,任意位姿自适应磁悬浮系统,company-info_with_url.xlsx,Capability
CAP_4F9F805F586B,Capability,自平衡自动驾驶自行车,自平衡自动驾驶自行车,company-info_with_url.xlsx,Capability
CAP_98A0FFBE0658,Capability,大负载智能无人机,大负载智能无人机,company-info_with_url.xlsx,Capability
CAP_1CFAE6BAE7D1,Capability,视觉两轮机器人,视觉两轮机器人,company-info_with_url.xlsx,Capability
CAP_5C4AE1866E00,Capability,独轮移动机器人,独轮移动机器人,company-info_with_url.xlsx,Capability
CAP_31B3CB2E230B,Capability,桌面智能陪伴机器人,桌面智能陪伴机器人,company-info_with_url.xlsx,Capability
CAP_AA88CA7DB845,Capability,双臂核酸采样机器人,双臂核酸采样机器人,company-info_with_url.xlsx,Capability
CAP_2399614E0846,Capability,餐饮机器人,餐饮机器人,company-info_with_url.xlsx,Capability
CAP_5FC1B5AC3CC3,Capability,移乘助行机器人,移乘助行机器人,company-info_with_url.xlsx,Capability
CAP_91C98C6D72FA,Capability,调酒机器人,调酒机器人,company-info_with_url.xlsx,Capability
CAP_699785020846,Capability,全身康复机器人,全身康复机器人,company-info_with_url.xlsx,Capability
CAP_D0612EF9A3F3,Capability,下肢助行机器人,下肢助行机器人,company-info_with_url.xlsx,Capability
CAP_463A0765E858,Capability,北京冬奥机器人餐厅,北京冬奥机器人餐厅,company-info_with_url.xlsx,Capability
CAP_F0F696B16D55,Capability,特种焊接技术（真空电子束焊接）,特种焊接技术（真空电子束焊接）,company-info_with_url.xlsx,Capability
CAP_DCF615F4DD66,Capability,金属表面微纳米处理技术,金属表面微纳米处理技术,company-info_with_url.xlsx,Capability
CAP_52671D382043,Capability,高端部零件加工技术（数控精密机加工,高端部零件加工技术（数控精密机加工,company-info_with_url.xlsx,Capability
CAP_FCB23FFB5D6D,Capability,部组件装配全流程）,部组件装配全流程）,company-info_with_url.xlsx,Capability
CAP_B199911AEC02,Capability,超导加速腔研发制造,超导加速腔研发制造,company-info_with_url.xlsx,Capability
IND_F63AC2274048,Industry,国家重大科学基础设施（超导加速器）,国家重大科学基础设施（超导加速器）,company-info_with_url.xlsx,Industry
IND_4B12D4FF58CF,Industry,军工（军用装备,军工（军用装备,company-info_with_url.xlsx,Industry
IND_0BA3799E86A0,Industry,深潜器,深潜器,company-info_with_url.xlsx,Industry
IND_3F3942FC3BA5,Industry,军用飞机）,军用飞机）,company-info_with_url.xlsx,Industry
IND_D6AA2ED2BEE4,Industry,航空航天（民用客机,航空航天（民用客机,company-info_with_url.xlsx,Industry
IND_D71C39E2443D,Industry,航天结构件）,航天结构件）,company-info_with_url.xlsx,Industry
IND_75E29D4C68C3,Industry,船舶制造,船舶制造,company-info_with_url.xlsx,Industry
IND_5E311B341FFB,Industry,生物材料,生物材料,company-info_with_url.xlsx,Industry
IND_94F85FFE1C4E,Industry,卫星通讯基站,卫星通讯基站,company-info_with_url.xlsx,Industry
SCN_CE25F661DC81,Scenario,超导加速腔的研发制造,超导加速腔的研发制造,company-info_with_url.xlsx,Scenario
SCN_01AD3CB8E911,Scenario,导弹翼片,导弹翼片,company-info_with_url.xlsx,Scenario
SCN_F4063B9A7181,Scenario,火箭翼片,火箭翼片,company-info_with_url.xlsx,Scenario
SCN_9F2BCDE237BF,Scenario,发动机隔板等高精尖零部件加工,发动机隔板等高精尖零部件加工,company-info_with_url.xlsx,Scenario
SCN_32D18E5F9E04,Scenario,神舟系列飞船构件,神舟系列飞船构件,company-info_with_url.xlsx,Scenario
SCN_505298F6E363,Scenario,战斗机,战斗机,company-info_with_url.xlsx,Scenario
SCN_C880E8854FA9,Scenario,导弹核心构件等研发制造,导弹核心构件等研发制造,company-info_with_url.xlsx,Scenario
CUS_5A4E36D4B098,Customer,中国科学院近代物理研究所,中国科学院近代物理研究所,company-info_with_url.xlsx,Customer
CUS_CF176AFEA990,Customer,中科院大连化物所等科研机构,中科院大连化物所等科研机构,company-info_with_url.xlsx,Customer
CUS_3D593299BFA5,Customer,军品制造企业,军品制造企业,company-info_with_url.xlsx,Customer
CUS_91E156F4C53E,Customer,航空航天科研机构,航空航天科研机构,company-info_with_url.xlsx,Customer
CUS_6B63D834B14A,Customer,军用飞机厂,军用飞机厂,company-info_with_url.xlsx,Customer
CAP_F18E42DD7996,Capability,InteWeld CAE（焊接工艺仿真软件）,inteweld cae（焊接工艺仿真软件）,company-info_with_url.xlsx,Capability
CAP_1F2A653757F8,Capability,iAdditive CAE（增材制造工艺仿真软件）,iadditive cae（增材制造工艺仿真软件）,company-info_with_url.xlsx,Capability
CAP_0F1A7D4264F9,Capability,GoHT CAE（热处理工艺仿真软件）,goht cae（热处理工艺仿真软件）,company-info_with_url.xlsx,Capability
CAP_52254E5B3A42,Capability,智能焊接夹具,智能焊接夹具,company-info_with_url.xlsx,Capability
IND_F175AE0338B9,Industry,航发,航发,company-info_with_url.xlsx,Industry
SCN_690764D13F86,Scenario,导弹关键结构件焊接制造（使研发周期从60天降低到20天）,导弹关键结构件焊接制造（使研发周期从60天降低到20天）,company-info_with_url.xlsx,Scenario
SCN_1F3A73CBF802,Scenario,飞机弧形梁沉电子束3D打印,飞机弧形梁沉电子束3d打印,company-info_with_url.xlsx,Scenario
SCN_005CCA3599F8,Scenario,增材,增材,company-info_with_url.xlsx,Scenario
SCN_D23DC77CF813,Scenario,热处理工艺仿真与优化,热处理工艺仿真与优化,company-info_with_url.xlsx,Scenario
SCN_35BE0E129A39,Scenario,智能焊接夹具定时定位定量夹持。,智能焊接夹具定时定位定量夹持。,company-info_with_url.xlsx,Scenario
CUS_9A6C1F0CA329,Customer,中航工业成都飞机（集团）有限责任公司,中航工业成都飞机（集团）有限责任公司,company-info_with_url.xlsx,Customer
CUS_604B73B622A9,Customer,中国航发哈尔滨东安发动机有限公司,中国航发哈尔滨东安发动机有限公司,company-info_with_url.xlsx,Customer
CUS_8F73D8528B76,Customer,中国航天科工集团第三研究院,中国航天科工集团第三研究院,company-info_with_url.xlsx,Customer
CUS_306EE3E56B0B,Customer,中国船舶集团有限公司第七二五研究所,中国船舶集团有限公司第七二五研究所,company-info_with_url.xlsx,Customer
CUS_7D42078715DF,Customer,沪东中华造船（集团）有限公司,沪东中华造船（集团）有限公司,company-info_with_url.xlsx,Customer
CUS_83E14E9F6CC6,Customer,中国工程物理研究院,中国工程物理研究院,company-info_with_url.xlsx,Customer
CUS_1357E788995D,Customer,中国电子科技集团有限公司,中国电子科技集团有限公司,company-info_with_url.xlsx,Customer
CUS_4E0F5700777B,Customer,中油国家油气钻井装备工程技术研究中心有限公司,中油国家油气钻井装备工程技术研究中心有限公司,company-info_with_url.xlsx,Customer
CUS_AD10F66BBFA3,Customer,中国第一汽车股份有限公司等数十家行业龙头企业,中国第一汽车股份有限公司等数十家行业龙头企业,company-info_with_url.xlsx,Customer
PROD_0C3C7290F111,Product,AGI蜻蜓1号算法模型生成平台软件,agi蜻蜓1号算法模型生成平台软件,company-info_with_url.xlsx,Product
PROD_4974C5FB67E4,Product,ACT（商业时间尺度阵列）模块,act（商业时间尺度阵列）模块,company-info_with_url.xlsx,Product
PROD_C2674AEEB61D,Product,AI微系统解决方案,ai微系统解决方案,company-info_with_url.xlsx,Product
PROD_0C6711E99297,Product,SOC芯片+软件算法,soc芯片+软件算法,company-info_with_url.xlsx,Product
PROD_A19CDE31D8E3,Product,SDR（软件无线电）,sdr（软件无线电）,company-info_with_url.xlsx,Product
CAP_9610193B4C2D,Capability,全数字计算阵列,全数字计算阵列,company-info_with_url.xlsx,Capability
CAP_DF9271B96461,Capability,RFSoC DFE for 5G NR,rfsoc dfe for 5g nr,company-info_with_url.xlsx,Capability
CAP_FB91EBE51AE0,Capability,AESA全数字阵列（传感+计算融合）,aesa全数字阵列（传感+计算融合）,company-info_with_url.xlsx,Capability
IND_996CB9CB672F,Industry,星间链,星间链,company-info_with_url.xlsx,Industry
IND_DD997A803EF6,Industry,智慧数据处理,智慧数据处理,company-info_with_url.xlsx,Industry
IND_05C26E6C7B49,Industry,通用人工智能微系统,通用人工智能微系统,company-info_with_url.xlsx,Industry
SCN_6B7F17397E52,Scenario,为用户提供AI微系统解决方案和ACT模块,为用户提供ai微系统解决方案和act模块,company-info_with_url.xlsx,Scenario
SCN_F356D5821422,Scenario,提供AGI解决方案和ACT模块,提供agi解决方案和act模块,company-info_with_url.xlsx,Scenario
SCN_48813A2E306C,Scenario,通过AGI蜻蜓1号生成AIGC内容（如对空空目标,通过agi蜻蜓1号生成aigc内容（如对空空目标,company-info_with_url.xlsx,Scenario
SCN_2533E96AF038,Scenario,对地空目标生成个性化内容）,对地空目标生成个性化内容）,company-info_with_url.xlsx,Scenario
PROD_664CB10467FB,Product,适用于大规模绿色燃料生产的核心催化剂,适用于大规模绿色燃料生产的核心催化剂,company-info_with_url.xlsx,Product
PROD_9277698B9CDD,Product,工艺包,工艺包,company-info_with_url.xlsx,Product
PROD_4AF04B6ADCE7,Product,关键装备。2. 合成气制航空煤油技术（SAF）：高转化率（CO单程转化率84%）,关键装备。2. 合成气制航空煤油技术（saf）：高转化率（co单程转化率84%）,company-info_with_url.xlsx,Product
PROD_558113848B1D,Product,高选择性（航煤选择性67%）,高选择性（航煤选择性67%）,company-info_with_url.xlsx,Product
PROD_362BB6D84BD8,Product,高稳定性（>1000小时）,高稳定性（>1000小时）,company-info_with_url.xlsx,Product
PROD_B2F18C127C50,Product,一步合成（1-2步）。3. 二氧化碳加氢制甲醇技术：反应条件温和（230-250℃,一步合成（1-2步）。3. 二氧化碳加氢制甲醇技术：反应条件温和（230-250℃,company-info_with_url.xlsx,Product
PROD_1338A4A6703F,Product,5-8MPa）,5-8mpa）,company-info_with_url.xlsx,Product
PROD_6308C09D4E2E,Product,CO2转化率>90%,co2转化率>90%,company-info_with_url.xlsx,Product
PROD_9912E57EACD6,Product,甲醇选择性>97%。4. 生物质气流床气化技术：能量效率>80%,甲醇选择性>97%。4. 生物质气流床气化技术：能量效率>80%,company-info_with_url.xlsx,Product
PROD_18E9D166FEC0,Product,碳转化率100%,碳转化率100%,company-info_with_url.xlsx,Product
PROD_70B7C665D701,Product,无难处理废弃物,无难处理废弃物,company-info_with_url.xlsx,Product
CAP_DDEB5D6FBC26,Capability,1. 专有低碳技术,1. 专有低碳技术,company-info_with_url.xlsx,Capability
IND_90EA85E99A58,Industry,航空业（可持续航空燃料SAF）,航空业（可持续航空燃料saf）,company-info_with_url.xlsx,Industry
IND_BE1DE055CA8C,Industry,航海业（绿色甲醇）,航海业（绿色甲醇）,company-info_with_url.xlsx,Industry
IND_CAADB79D0BAD,Industry,也可用于汽车和燃料电池发电。,也可用于汽车和燃料电池发电。,company-info_with_url.xlsx,Industry
SCN_486F5A5D3127,Scenario,1. 为航空业提供可持续航空燃料（SAF）。2. 为航海业提供绿色甲醇作为碳中性替代燃料。3. 盐城30万吨绿色甲醇和20万吨可持续航煤项目（预计2026-2027年投产）。,1. 为航空业提供可持续航空燃料（saf）。2. 为航海业提供绿色甲醇作为碳中性替代燃料。3. 盐城30万吨绿色甲醇和20万吨可持续航煤项目（预计2026-2027年投产）。,company-info_with_url.xlsx,Scenario
IND_E8CAB8FDB50D,Industry,移动通信（手机）,移动通信（手机）,company-info_with_url.xlsx,Industry
SCN_69B3B605268C,Scenario,手机射频前端,手机射频前端,company-info_with_url.xlsx,Scenario
SCN_EF0D42D96F0B,Scenario,无人机射频前端,无人机射频前端,company-info_with_url.xlsx,Scenario
CAP_01197F59EAD1,Capability,XJ-T系列触觉传感器（Gen1,xj-t系列触觉传感器（gen1,company-info_with_url.xlsx,Capability
CAP_31814C73ACFF,Capability,Gen2,gen2,company-info_with_url.xlsx,Capability
CAP_AC022F7D6181,Capability,Gen3,gen3,company-info_with_url.xlsx,Capability
CAP_359DEFE63C99,Capability,Gen5开发中）,gen5开发中）,company-info_with_url.xlsx,Capability
CAP_F375D1EE1CF2,Capability,XJ-T Array系列触觉传感器阵列,xj-t array系列触觉传感器阵列,company-info_with_url.xlsx,Capability
IND_178E9FD5BF76,Industry,机器人（工业,机器人（工业,company-info_with_url.xlsx,Industry
IND_4F16D0C44BEE,Industry,民用,民用,company-info_with_url.xlsx,Industry
IND_CDBF7B1E57AC,Industry,农业）,农业）,company-info_with_url.xlsx,Industry
IND_5A0D317BC821,Industry,智能可穿戴设备,智能可穿戴设备,company-info_with_url.xlsx,Industry
SCN_2BD1B2C594EF,Scenario,机器人灵巧手触觉感知,机器人灵巧手触觉感知,company-info_with_url.xlsx,Scenario
SCN_5B2F5ABEB579,Scenario,柔性电子皮肤,柔性电子皮肤,company-info_with_url.xlsx,Scenario
SCN_86D3BE4AEEBB,Scenario,触觉手套,触觉手套,company-info_with_url.xlsx,Scenario
SCN_2D35A37CAE1E,Scenario,航天服触觉感知,航天服触觉感知,company-info_with_url.xlsx,Scenario
SCN_8F8165803BED,Scenario,下一代智能可穿戴设备（取代鼠标,下一代智能可穿戴设备（取代鼠标,company-info_with_url.xlsx,Scenario
SCN_444D15E7E39D,Scenario,妙控板,妙控板,company-info_with_url.xlsx,Scenario
SCN_22A552DE4DC2,Scenario,手柄,手柄,company-info_with_url.xlsx,Scenario
SCN_1EDDFEF571C4,Scenario,智能指环,智能指环,company-info_with_url.xlsx,Scenario
SCN_9AEC7F2B0DDA,Scenario,运动手表等）,运动手表等）,company-info_with_url.xlsx,Scenario
DEM_B817E2973FF4,DemandTag,天使轮融资500万元（用于搭建Gen2.5小试产线,天使轮融资500万元（用于搭建gen2.5小试产线,company-info_with_url.xlsx,DemandTag
DEM_DF27E7251690,DemandTag,完成市场验证）,完成市场验证）,company-info_with_url.xlsx,DemandTag
DEM_A8EA56F6D884,DemandTag,Pre-A轮融资1000万元（用于搭建Gen3中试产线,pre-a轮融资1000万元（用于搭建gen3中试产线,company-info_with_url.xlsx,DemandTag
DEM_9042399CE3BE,DemandTag,获得批量订单）,获得批量订单）,company-info_with_url.xlsx,DemandTag
PROD_9337E12446BB,Product,EDIT平台,edit平台,company-info_with_url.xlsx,Product
PROD_A169D1D6F13B,Product,新CRISPR-Cas蛋白的挖掘与优化,新crispr-cas蛋白的挖掘与优化,company-info_with_url.xlsx,Product
PROD_3B1AB17E3D1D,Product,新脱氨酶作为Base editor的挖掘与优化,新脱氨酶作为base editor的挖掘与优化,company-info_with_url.xlsx,Product
PROD_F2C2892A202E,Product,全新无CRISPR的碱基编辑,全新无crispr的碱基编辑,company-info_with_url.xlsx,Product
PROD_11F3CC60DC98,Product,SEED平台）,seed平台）,company-info_with_url.xlsx,Product
PROD_CAEE16D9B81F,Product,产品管线包括小麦,产品管线包括小麦,company-info_with_url.xlsx,Product
PROD_FA4DF92BEDB7,Product,大豆,大豆,company-info_with_url.xlsx,Product
PROD_BA8F7662123B,Product,水稻,水稻,company-info_with_url.xlsx,Product
PROD_2FF31D7A98DF,Product,玉米,玉米,company-info_with_url.xlsx,Product
PROD_5A352FCF8697,Product,果蔬等作物的基因编辑育种,果蔬等作物的基因编辑育种,company-info_with_url.xlsx,Product
CAP_257E77967300,Capability,SEEDIT™技术平台（,seedit™技术平台（,company-info_with_url.xlsx,Capability
IND_825443AA26B5,Industry,农业（基因编辑育种）,农业（基因编辑育种）,company-info_with_url.xlsx,Industry
PROD_500A6207230D,Product,GI-001（针对DLBCL适应症）和GI-002（针对MM适应症）,gi-001（针对dlbcl适应症）和gi-002（针对mm适应症）,company-info_with_url.xlsx,Product
CAP_9ACBF63A6D30,Capability,体内CAR-T细胞疗法技术平台,体内car-t细胞疗法技术平台,company-info_with_url.xlsx,Capability
CAP_514EBD98B8D7,Capability,包括降低抗原遮蔽效应平台,包括降低抗原遮蔽效应平台,company-info_with_url.xlsx,Capability
CAP_7F32665DA87B,Capability,囊膜蛋白改造平台,囊膜蛋白改造平台,company-info_with_url.xlsx,Capability
CAP_00E854AF1281,Capability,绝缘子安全性平台,绝缘子安全性平台,company-info_with_url.xlsx,Capability
CAP_7E54DFB5D70A,Capability,高效瞬时递送平台。具体管线,高效瞬时递送平台。具体管线,company-info_with_url.xlsx,Capability
IND_336A3BF15E86,Industry,具体为细胞和基因治疗（CGT）领域,具体为细胞和基因治疗（cgt）领域,company-info_with_url.xlsx,Industry
IND_8FE71327DA54,Industry,聚焦于CAR-T细胞疗法。,聚焦于car-t细胞疗法。,company-info_with_url.xlsx,Industry
SCN_9EFEEC49C8F4,Scenario,针对血液瘤（如弥漫大B细胞淋巴瘤DLBCL,针对血液瘤（如弥漫大b细胞淋巴瘤dlbcl,company-info_with_url.xlsx,Scenario
SCN_4249FF28CFEE,Scenario,多发性骨髓瘤MM）和自身免疫病（如系统性红斑狼疮SLE）的治疗。,多发性骨髓瘤mm）和自身免疫病（如系统性红斑狼疮sle）的治疗。,company-info_with_url.xlsx,Scenario
PROD_7A5A7A5BD7C9,Product,硅光集成芯片,硅光集成芯片,company-info_with_url.xlsx,Product
PROD_86C20900865B,Product,固态激光雷达发射,固态激光雷达发射,company-info_with_url.xlsx,Product
PROD_53A3186C2733,Product,接收光引擎芯片,接收光引擎芯片,company-info_with_url.xlsx,Product
PROD_12887D036909,Product,FMCW激光雷达扫描芯片,fmcw激光雷达扫描芯片,company-info_with_url.xlsx,Product
PROD_1AF96742748D,Product,光通信硅光芯片。,光通信硅光芯片。,company-info_with_url.xlsx,Product
CAP_A1D918BB4FF9,Capability,硅光子集成技术,硅光子集成技术,company-info_with_url.xlsx,Capability
CAP_4E66094DEA93,Capability,FMCW（调频连续波）激光雷达芯片技术,fmcw（调频连续波）激光雷达芯片技术,company-info_with_url.xlsx,Capability
CAP_3C869347341F,Capability,光学相控阵（OPA）技术,光学相控阵（opa）技术,company-info_with_url.xlsx,Capability
CAP_C097874F98C4,Capability,光电芯片设计与封装测试技术。,光电芯片设计与封装测试技术。,company-info_with_url.xlsx,Capability
IND_A47503F51759,Industry,数据中心。,数据中心。,company-info_with_url.xlsx,Industry
SCN_569DCF2C8AE2,Scenario,车载高级辅助驾驶（ADAS）与自动驾驶避障导航,车载高级辅助驾驶（adas）与自动驾驶避障导航,company-info_with_url.xlsx,Scenario
SCN_50711D9E06AE,Scenario,工业机器视觉,工业机器视觉,company-info_with_url.xlsx,Scenario
SCN_C0C925491FB2,Scenario,数据中心内部高速数据传输。,数据中心内部高速数据传输。,company-info_with_url.xlsx,Scenario
CUS_B457976C9519,Customer,无（具体名单未公开,无（具体名单未公开,company-info_with_url.xlsx,Customer
CUS_85A5768FA3C0,Customer,主要面向自动驾驶Tier 1,主要面向自动驾驶tier 1,company-info_with_url.xlsx,Customer
CUS_E2DACA66D2F5,Customer,激光雷达整机厂商,激光雷达整机厂商,company-info_with_url.xlsx,Customer
CUS_186C10D5AFEE,Customer,光通信模块厂商）。,光通信模块厂商）。,company-info_with_url.xlsx,Customer
DEM_39AE11D29D17,DemandTag,1. 产业资本： 用于支付高昂的流片费用及研发投入,1. 产业资本： 用于支付高昂的流片费用及研发投入,company-info_with_url.xlsx,DemandTag
DEM_54FFFA88B659,DemandTag,2. 客户资源： 车企或Tier 1的联合开发项目（定点合作）以加速场景验证,2. 客户资源： 车企或tier 1的联合开发项目（定点合作）以加速场景验证,company-info_with_url.xlsx,DemandTag
DEM_23355B7DF4B3,DemandTag,3. 供应链： 稳定的硅光晶圆代工产能与先进制程支持。,3. 供应链： 稳定的硅光晶圆代工产能与先进制程支持。,company-info_with_url.xlsx,DemandTag
