enterprise_id,enterprise_name,source_system,source_pk,last_sync_at
ENT_PG_1,北京昆仑行机器人科技有限公司,postgresql,1,2026-06-28 10:25:30.108861+00
ENT_PG_2,上海曦智科技股份有限公司,postgresql,2,2026-06-28 10:25:30.108861+00
ENT_PG_3,北京星元纵横网络技术有限公司,postgresql,3,2026-06-28 10:25:30.108861+00
ENT_PG_4,九州云箭空间科技有限公司,postgresql,4,2026-06-28 10:25:30.108861+00
ENT_PG_5,山海氢（上海）新能源科技有限公司,postgresql,5,2026-06-28 10:25:30.108861+00
ENT_PG_6,深圳墨奇智能技术有限公司,postgresql,6,2026-06-28 10:25:30.108861+00
ENT_PG_7,苏维中合复合材料（江苏）有限公司,postgresql,7,2026-06-28 10:25:30.108861+00
ENT_PG_8,无锡众星微系统技术有限公司,postgresql,8,2026-06-28 10:25:30.108861+00
ENT_PG_9,北京深势科技股份有限公司,postgresql,9,2026-06-28 10:25:30.108861+00
ENT_PG_10,杭州达歌生物医药科技有限公司,postgresql,10,2026-06-28 10:25:30.108861+00
ENT_PG_11,华科冷芯（上海）动力科技有限公司,postgresql,11,2026-06-28 10:25:30.108861+00
ENT_PG_12,北京新烛时代科技有限公司,postgresql,12,2026-06-28 10:25:30.108861+00
ENT_PG_13,物元半导体技术（青岛）有限公司,postgresql,13,2026-06-28 10:25:30.108861+00
ENT_PG_14,北集光（深圳）科技有限公司,postgresql,14,2026-06-28 10:25:30.108861+00
ENT_PG_15,北京造物时代科技有限公司,postgresql,15,2026-06-28 10:25:30.108861+00
ENT_PG_16,北京灵熹光子科技有限公司,postgresql,16,2026-06-28 10:25:30.108861+00
ENT_PG_17,北京智冉医疗科技有限公司,postgresql,17,2026-06-28 10:25:30.108861+00
ENT_PG_18,安徽省曦合智控科技有限公司,postgresql,18,2026-06-28 10:25:30.108861+00
ENT_PG_19,中科嘉速（北京）信息技术有限公司,postgresql,19,2026-06-28 10:25:30.108861+00
ENT_PG_20,杭州至简动力科技有限公司,postgresql,20,2026-06-28 10:25:30.108861+00
ENT_PG_21,北京水木元鲲科技有限责任公司,postgresql,21,2026-06-28 10:25:30.108861+00
ENT_PG_22,紫晶格（广州）新材料有限公司,postgresql,22,2026-06-28 10:25:30.108861+00
ENT_PG_23,北京馨智生物医药有限责任公司,postgresql,23,2026-06-28 10:25:30.108861+00
ENT_PG_24,中科千乘（北京）科技有限公司,postgresql,24,2026-06-28 10:25:30.108861+00
ENT_PG_25,上海中器无量量子科技有限公司,postgresql,25,2026-06-28 10:25:30.108861+00
ENT_PG_26,原集微科技（上海）有限公司,postgresql,26,2026-06-28 10:25:30.108861+00
ENT_PG_27,亿能智光（深圳）科技有限公司,postgresql,27,2026-06-28 10:25:30.108861+00
ENT_PG_28,北京北微星生物科技有限公司,postgresql,28,2026-06-28 10:25:30.108861+00
ENT_PG_29,天翎科航空科技（上海）有限公司,postgresql,29,2026-06-28 10:25:30.108861+00
ENT_PG_30,桂林星云电子科技有限公司,postgresql,30,2026-06-28 10:25:30.108861+00
ENT_PG_31,先进核能装备系统（北京）有限公司,postgresql,31,2026-06-28 10:25:30.108861+00
ENT_PG_32,超磁新能（上海）科技有限公司,postgresql,32,2026-06-28 10:25:30.108861+00
ENT_PG_33,鸾起科技（苏州）有限公司,postgresql,33,2026-06-28 10:25:30.108861+00
ENT_PG_34,上海复安绿能科技有限公司,postgresql,34,2026-06-28 10:25:30.108861+00
ENT_PG_35,上海不筹量子科技有限公司,postgresql,35,2026-06-28 10:25:30.108861+00
ENT_PG_36,境相（上海）科技有限公司,postgresql,36,2026-06-28 10:25:30.108861+00
ENT_PG_37,上海加速纪元科技有限公司,postgresql,37,2026-06-28 10:25:30.108861+00
ENT_PG_38,北京智天新航科技有限公司,postgresql,38,2026-06-28 10:25:30.108861+00
ENT_PG_39,长春市麦迪克智行汽车科技有限公司,postgresql,39,2026-06-28 10:25:30.108861+00
ENT_PG_40,东昇聚变（上海）技术有限公司,postgresql,40,2026-06-28 10:25:30.108861+00
ENT_PG_41,上海钧合原子科技有限公司,postgresql,41,2026-06-28 10:25:30.108861+00
ENT_PG_42,兆默真空设备（苏州）有限公司,postgresql,42,2026-06-28 10:25:30.108861+00
ENT_PG_43,深圳市薇光点亮科技有限公司,postgresql,43,2026-06-28 10:25:30.108861+00
ENT_PG_44,上海芯钺升技术有限公司,postgresql,44,2026-06-28 10:25:30.108861+00
ENT_PG_45,上海钛忆科技有限公司,postgresql,45,2026-06-28 10:25:30.108861+00
ENT_PG_46,广州光达创新科技有限公司,postgresql,46,2026-06-28 10:25:30.108861+00
ENT_PG_47,上海弼领生物技术有限公司,postgresql,47,2026-06-28 10:25:30.108861+00
ENT_PG_48,北京星源智机器人科技有限公司,postgresql,48,2026-06-28 10:25:30.108861+00
ENT_PG_49,上海超维无际电子科技有限责任公司,postgresql,49,2026-06-28 10:25:30.108861+00
ENT_PG_50,上海烨知心科技有限公司,postgresql,50,2026-06-28 10:25:30.108861+00
ENT_PG_51,北京基点起源信息技术有限公司,postgresql,51,2026-06-28 10:25:30.108861+00
ENT_PG_52,中农种源（深圳）科技有限公司,postgresql,52,2026-06-28 10:25:30.108861+00
ENT_PG_53,南通锋寻生物科技有限公司,postgresql,53,2026-06-28 10:25:30.108861+00
ENT_PG_54,上海泓格后量子科技有限公司,postgresql,54,2026-06-28 10:25:30.108861+00
ENT_PG_55,苏州材科源图科技有限公司,postgresql,55,2026-06-28 10:25:30.108861+00
ENT_PG_56,科近泰基新技术有限公司,postgresql,56,2026-06-28 10:25:30.108861+00
ENT_PG_57,杭州博辉合生科技有限公司,postgresql,57,2026-06-28 10:25:30.108861+00
ENT_PG_58,上海阿泰克生物科技有限公司,postgresql,58,2026-06-28 10:25:30.108861+00
ENT_PG_59,中科九朗（北京）能源科技有限公司,postgresql,59,2026-06-28 10:25:30.108861+00
ENT_PG_60,中科亿氨新能源科技（常州）有限公司,postgresql,60,2026-06-28 10:25:30.108861+00
ENT_PG_61,北京轻化致远新材料科技有限公司,postgresql,61,2026-06-28 10:25:30.108861+00
ENT_PG_62,西安聚安光科物联网科技有限公司,postgresql,62,2026-06-28 10:25:30.108861+00
ENT_PG_63,英伟芯（西安）科技有限公司,postgresql,63,2026-06-28 10:25:30.108861+00
ENT_PG_64,上海松应科技有限公司,postgresql,64,2026-06-28 10:25:30.108861+00
ENT_PG_65,北京光邮星空科技有限公司,postgresql,65,2026-06-28 10:25:30.108861+00
ENT_PG_66,上海欧科汀能源科技发展有限公司,postgresql,66,2026-06-28 10:25:30.108861+00
ENT_PG_67,MatraVolt Limited,postgresql,67,2026-06-28 10:25:30.108861+00
ENT_PG_68,赛蕴生物科技（成都）有限公司,postgresql,68,2026-06-28 10:25:30.108861+00
ENT_PG_69,洛赛达科技（南京）有限责任公司,postgresql,69,2026-06-28 10:25:30.108861+00
ENT_PG_70,上海御风图南科技发展有限公司,postgresql,70,2026-06-28 10:25:30.108861+00
ENT_PG_71,上海奇绩智峰智能科技有限公司,postgresql,71,2026-06-28 10:25:30.108861+00
ENT_PG_72,清融新材料科技（嘉兴）有限公司,postgresql,72,2026-06-28 10:25:30.108861+00
ENT_PG_73,常州龙藏生物科技有限公司,postgresql,73,2026-06-28 10:25:30.108861+00
ENT_PG_74,源升智能机器人（深圳）有限公司,postgresql,74,2026-06-28 10:25:30.108861+00
ENT_PG_75,明视脑机科技（苏州）有限公司,postgresql,75,2026-06-28 10:25:30.108861+00
ENT_PG_76,深圳菁童生命科学有限公司,postgresql,76,2026-06-28 10:25:30.108861+00
ENT_PG_77,北京合鲸科技发展有限公司,postgresql,77,2026-06-28 10:25:30.108861+00
ENT_PG_78,安徽进化硅纳米材料科技有限公司,postgresql,78,2026-06-28 10:25:30.108861+00
ENT_PG_79,大乙半导体材料（深圳）有限公司,postgresql,79,2026-06-28 10:25:30.108861+00
ENT_PG_80,北京清程极智科技有限公司,postgresql,80,2026-06-28 10:25:30.108861+00
ENT_PG_81,西安诺高镁新材料科技有限公司,postgresql,81,2026-06-28 10:25:30.108861+00
ENT_PG_82,北京临一云川能源技术有限公司,postgresql,82,2026-06-28 10:25:30.108861+00
ENT_PG_83,北京铭芯启睿科技有限公司,postgresql,83,2026-06-28 10:25:30.108861+00
ENT_PG_84,北京金钢科技有限公司,postgresql,84,2026-06-28 10:25:30.108861+00
ENT_PG_85,西安奥若特材料技术有限公司,postgresql,85,2026-06-28 10:25:30.108861+00
ENT_PG_86,上海岚泽能源科技有限公司,postgresql,86,2026-06-28 10:25:30.108861+00
ENT_PG_87,深圳海旭新能源有限公司,postgresql,87,2026-06-28 10:25:30.108861+00
ENT_PG_88,成都国芯创智科技有限公司,postgresql,88,2026-06-28 10:25:30.108861+00
ENT_PG_89,北京开芯红科技有限公司,postgresql,89,2026-06-28 10:25:30.108861+00
ENT_PG_90,深圳清力技术有限公司,postgresql,90,2026-06-28 10:25:30.108861+00
ENT_PG_91,苏州喻云仿科技有限公司,postgresql,91,2026-06-28 10:25:30.108861+00
ENT_PG_92,南京锂泰新能源科技有限公司,postgresql,92,2026-06-28 10:25:30.108861+00
ENT_PG_93,中科玻声科技（溧阳）有限公司,postgresql,93,2026-06-28 10:25:30.108861+00
ENT_PG_94,中科海锐（厦门）科技研究院有限公司,postgresql,94,2026-06-28 10:25:30.108861+00
ENT_PG_95,九维光子科技（昆山）有限公司,postgresql,95,2026-06-28 10:25:30.108861+00
ENT_PG_96,相干（北京）科技有限公司,postgresql,96,2026-06-28 10:25:30.108861+00
ENT_PG_97,苏州浦合医药科技有限公司,postgresql,97,2026-06-28 10:25:30.108861+00
ENT_PG_98,中科沃川（苏州）新材料科技有限公司,postgresql,98,2026-06-28 10:25:30.108861+00
ENT_PG_99,慈溪锂燃炬薪科技有限公司,postgresql,99,2026-06-28 10:25:30.108861+00
ENT_PG_100,同方中科超光科技有限公司,postgresql,100,2026-06-28 10:25:30.108861+00
ENT_PG_101,致微（苏州）光学技术有限公司,postgresql,101,2026-06-28 10:25:30.108861+00
ENT_PG_102,苏州交航众鑫新材料有限责任公司,postgresql,102,2026-06-28 10:25:30.108861+00
ENT_PG_103,杭州芯正微电子有限公司,postgresql,103,2026-06-28 10:25:30.108861+00
ENT_PG_104,北京创能惠通科技有限公司,postgresql,104,2026-06-28 10:25:30.108861+00
ENT_PG_105,杭州质子科技有限公司,postgresql,105,2026-06-28 10:25:30.108861+00
ENT_PG_106,纽欧申医药（上海）有限公司,postgresql,106,2026-06-28 10:25:30.108861+00
ENT_PG_107,中科菁萃（北京）生物科技有限公司,postgresql,107,2026-06-28 10:25:30.108861+00
ENT_PG_108,利德健康科技（广州）有限公司,postgresql,108,2026-06-28 10:25:30.108861+00
ENT_PG_109,启明光子（北京）科技有限公司,postgresql,109,2026-06-28 10:25:30.108861+00
ENT_PG_110,毅富能源科技（广东）有限公司,postgresql,110,2026-06-28 10:25:30.108861+00
ENT_PG_111,常州中湾智能科技有限公司,postgresql,111,2026-06-28 10:25:30.108861+00
ENT_PG_112,陕西云谷众惠生物医药有限公司,postgresql,112,2026-06-28 10:25:30.108861+00
ENT_PG_113,北京荷塘生华医疗科技有限公司,postgresql,113,2026-06-28 10:25:30.108861+00
ENT_PG_114,上海虹剑光电科技有限公司,postgresql,114,2026-06-28 10:25:30.108861+00
ENT_PG_115,南通复源新材料科技有限公司,postgresql,115,2026-06-28 10:25:30.108861+00
ENT_PG_116,北京行云集成电路有限公司,postgresql,116,2026-06-28 10:25:30.108861+00
ENT_PG_117,深圳东壁科技数据有限责任公司,postgresql,117,2026-06-28 10:25:30.108861+00
ENT_PG_118,凯伏绿能（西安）光电有限公司,postgresql,118,2026-06-28 10:25:30.108861+00
ENT_PG_119,北京绿色康成生物技术有限公司,postgresql,119,2026-06-28 10:25:30.108861+00
ENT_PG_120,北京未磁科技有限公司,postgresql,120,2026-06-28 10:25:30.108861+00
ENT_PG_121,合肥中科优材科技有限公司,postgresql,121,2026-06-28 10:25:30.108861+00
ENT_PG_122,湖南新锋科技集团有限公司,postgresql,122,2026-06-28 10:25:30.108861+00
ENT_PG_123,北京煜鼎增材制造研究院股份有限公司,postgresql,123,2026-06-28 10:25:30.108861+00
ENT_PG_124,北京中星高科科技有限公司,postgresql,124,2026-06-28 10:25:30.108861+00
ENT_PG_125,北京中科科氏帛生物科技有限公司,postgresql,125,2026-06-28 10:25:30.108861+00
ENT_PG_126,风脉能源（武汉）股份有限公司,postgresql,126,2026-06-28 10:25:30.108861+00
ENT_PG_127,上海硫元科技有限公司,postgresql,127,2026-06-28 10:25:30.108861+00
ENT_PG_128,巩义市泛锐熠辉复合材料股份有限公司,postgresql,128,2026-06-28 10:25:30.108861+00
ENT_PG_129,西安智同航空科技股份有限公司,postgresql,129,2026-06-28 10:25:30.108861+00
ENT_PG_130,广东卓劼激光科技有限公司,postgresql,130,2026-06-28 10:25:30.108861+00
ENT_PG_131,深圳市欧冶半导体有限公司,postgresql,131,2026-06-28 10:25:30.108861+00
ENT_PG_132,合肥曦合超导科技有限公司,postgresql,132,2026-06-28 10:25:30.108861+00
ENT_PG_133,北京理工智车科技有限公司,postgresql,133,2026-06-28 10:25:30.108861+00
ENT_PG_134,合肥星能玄光科技有限责任公司,postgresql,134,2026-06-28 10:25:30.108861+00
ENT_PG_135,江苏象生新材科技有限公司,postgresql,135,2026-06-28 10:25:30.108861+00
ENT_PG_136,南京奕泰微电子技术有限公司,postgresql,136,2026-06-28 10:25:30.108861+00
ENT_PG_137,安徽曦融兆波科技有限公司,postgresql,137,2026-06-28 10:25:30.108861+00
ENT_PG_138,中科紫东太初（北京）科技有限公司,postgresql,138,2026-06-28 10:25:30.108861+00
ENT_PG_139,江苏盛开新能科技有限公司,postgresql,139,2026-06-28 10:25:30.108861+00
ENT_PG_140,北京茵诺医药科技有限公司,postgresql,140,2026-06-28 10:25:30.108861+00
ENT_PG_141,中智科仪（北京）科技有限公司,postgresql,141,2026-06-28 10:25:30.108861+00
ENT_PG_142,长飞光坊（武汉）科技有限公司,postgresql,142,2026-06-28 10:25:30.108861+00
ENT_PG_143,广州智微新材科技有限公司,postgresql,143,2026-06-28 10:25:30.108861+00
ENT_PG_144,西安迈斯拓扑科技有限公司,postgresql,144,2026-06-28 10:25:30.108861+00
ENT_PG_145,英创新材料（绍兴）有限公司,postgresql,145,2026-06-28 10:25:30.108861+00
ENT_PG_146,浙江帕尔科新材料有限公司,postgresql,146,2026-06-28 10:25:30.108861+00
ENT_PG_147,上海垣信卫星科技有限公司,postgresql,147,2026-06-28 10:25:30.108861+00
ENT_PG_148,成都屿西半导体科技有限公司,postgresql,148,2026-06-28 10:25:30.108861+00
ENT_PG_149,上海珀利医用材料有限公司,postgresql,149,2026-06-28 10:25:30.108861+00
ENT_PG_150,西安朗威科技有限公司,postgresql,150,2026-06-28 10:25:30.108861+00
ENT_PG_151,合肥瀚海量子科技有限公司,postgresql,151,2026-06-28 10:25:30.108861+00
ENT_PG_152,北京氢羿能源科技有限公司,postgresql,152,2026-06-28 10:25:30.108861+00
ENT_PG_153,西安赛特新材料科技股份有限公司,postgresql,153,2026-06-28 10:25:30.108861+00
ENT_PG_154,大同共聚（西安）科技有限公司,postgresql,154,2026-06-28 10:25:30.108861+00
ENT_PG_155,西安科佳光电科技有限公司,postgresql,155,2026-06-28 10:25:30.108861+00
ENT_PG_156,深圳博芮健制药有限公司,postgresql,156,2026-06-28 10:25:30.108861+00
ENT_PG_157,智元创新（上海）科技股份有限公司,postgresql,157,2026-06-28 10:25:30.108861+00
ENT_PG_158,宁波博雅聚力新材料科技有限公司,postgresql,158,2026-06-28 10:25:30.108861+00
ENT_PG_159,陕西西科天使叁期商务信息咨询合伙企业（有限合伙）,postgresql,159,2026-06-28 10:25:30.108861+00
ENT_PG_160,陕西西科天使企业管理合伙企业（有限合伙）,postgresql,160,2026-06-28 10:25:30.108861+00
ENT_PG_161,陕西大数据企业孵化管理中心合伙企业（有限合伙）,postgresql,161,2026-06-28 10:25:30.108861+00
ENT_PG_162,凯米生物医药（成都）有限公司,postgresql,162,2026-06-28 10:25:30.108861+00
ENT_PG_163,北京核欣迅明医药科技有限公司,postgresql,163,2026-06-28 10:25:30.108861+00
ENT_PG_164,普森美微电子技术（苏州）有限公司,postgresql,164,2026-06-28 10:25:30.108861+00
ENT_PG_165,安徽新宸新材料有限公司,postgresql,165,2026-06-28 10:25:30.108861+00
ENT_PG_166,山东齐氟新材料有限公司,postgresql,166,2026-06-28 10:25:30.108861+00
ENT_PG_167,成都先衍生物技术有限公司,postgresql,167,2026-06-28 10:25:30.108861+00
ENT_PG_168,赛岚（杭州）生物医药科技有限公司,postgresql,168,2026-06-28 10:25:30.108861+00
ENT_PG_169,鲁欧智造（山东）数字科技有限公司,postgresql,169,2026-06-28 10:25:30.108861+00
ENT_PG_170,珠海中科慧智科技有限公司,postgresql,170,2026-06-28 10:25:30.108861+00
ENT_PG_171,北京清源晟茂科技有限公司,postgresql,171,2026-06-28 10:25:30.108861+00
ENT_PG_172,张家港安储科技有限公司,postgresql,172,2026-06-28 10:25:30.108861+00
ENT_PG_173,苏州芯晟半导体科技有限公司,postgresql,173,2026-06-28 10:25:30.108861+00
ENT_PG_174,蓝箭科技（衢州）有限公司,postgresql,174,2026-06-28 10:25:30.108861+00
ENT_PG_175,原粒（北京）半导体技术有限公司,postgresql,175,2026-06-28 10:25:30.108861+00
ENT_PG_176,徐州光引科技发展有限公司,postgresql,176,2026-06-28 10:25:30.108861+00
ENT_PG_177,九章（济南）量子科技有限公司,postgresql,177,2026-06-28 10:25:30.108861+00
ENT_PG_178,西安数合信息科技有限公司,postgresql,178,2026-06-28 10:25:30.108861+00
ENT_PG_179,上海格思航天科技有限公司,postgresql,179,2026-06-28 10:25:30.108861+00
ENT_PG_180,四川沃飞长空科技股份有限公司,postgresql,180,2026-06-28 10:25:30.108861+00
ENT_PG_181,西安欧中材料科技股份有限公司,postgresql,181,2026-06-28 10:25:30.108861+00
ENT_PG_182,苏州博格科技有限公司,postgresql,182,2026-06-28 10:25:30.108861+00
ENT_PG_183,上海建毅腾创生物医药科技有限公司,postgresql,183,2026-06-28 10:25:30.108861+00
ENT_PG_184,苏州多谱芯光科技有限公司,postgresql,184,2026-06-28 10:25:30.108861+00
ENT_PG_185,华硼中子科技（杭州）有限公司,postgresql,185,2026-06-28 10:25:30.108861+00
ENT_PG_186,蓝廷新能源科技（浙江）有限公司,postgresql,186,2026-06-28 10:25:30.108861+00
ENT_PG_187,江西九由航空装备股份有限公司,postgresql,187,2026-06-28 10:25:30.108861+00
ENT_PG_188,陕西碳垣纳米工程有限公司,postgresql,188,2026-06-28 10:25:30.108861+00
ENT_PG_189,成川科技（苏州）有限公司,postgresql,189,2026-06-28 10:25:30.108861+00
ENT_PG_190,甚磁科技（上海）有限公司,postgresql,190,2026-06-28 10:25:30.108861+00
ENT_PG_191,和超高装（中山）科技有限公司,postgresql,191,2026-06-28 10:25:30.108861+00
ENT_PG_192,南通谦维科技有限公司,postgresql,192,2026-06-28 10:25:30.108861+00
ENT_PG_193,吉林求是光谱数据科技有限公司,postgresql,193,2026-06-28 10:25:30.108861+00
ENT_PG_194,芯聚威科技（成都）有限公司,postgresql,194,2026-06-28 10:25:30.108861+00
ENT_PG_195,南昌济铃新能源科技有限责任公司,postgresql,195,2026-06-28 10:25:30.108861+00
ENT_PG_196,北京齐禾生物科技有限公司,postgresql,196,2026-06-28 10:25:30.108861+00
ENT_PG_197,青岛中科润美润滑材料技术有限公司,postgresql,197,2026-06-28 10:25:30.108861+00
ENT_PG_198,研微（江苏）半导体科技有限公司,postgresql,198,2026-06-28 10:25:30.108861+00
ENT_PG_199,合肥领新博瑞生物科技有限公司,postgresql,199,2026-06-28 10:25:30.108861+00
ENT_PG_200,北京海德利森科技有限公司,postgresql,200,2026-06-28 10:25:30.108861+00
ENT_PG_201,派姆特科技（苏州）有限公司,postgresql,201,2026-06-28 10:25:30.108861+00
ENT_PG_202,江瓷电子（苏州）有限公司,postgresql,202,2026-06-28 10:25:30.108861+00
ENT_PG_203,西安乾景防务技术有限公司,postgresql,203,2026-06-28 10:25:30.108861+00
ENT_PG_204,深圳锐视智芯科技有限公司,postgresql,204,2026-06-28 10:25:30.108861+00
ENT_PG_205,贵州芯际探索科技有限公司,postgresql,205,2026-06-28 10:25:30.108861+00
ENT_PG_206,深圳三创共赢企业管理合伙企业（有限合伙）,postgresql,206,2026-06-28 10:25:30.108861+00
ENT_PG_207,北京未来律动科技有限公司,postgresql,207,2026-06-28 10:25:30.108861+00
ENT_PG_208,陕西先导光电集成科技投资合伙企业（有限合伙）,postgresql,208,2026-06-28 10:25:30.108861+00
ENT_PG_209,深圳市光途显示科技有限公司,postgresql,209,2026-06-28 10:25:30.108861+00
ENT_PG_210,北京航星传动科技有限公司,postgresql,210,2026-06-28 10:25:30.108861+00
ENT_PG_211,西安军融电子卫星基金投资有限公司,postgresql,211,2026-06-28 10:25:30.108861+00
ENT_PG_212,西安君研企业管理咨询合伙企业（有限合伙）,postgresql,212,2026-06-28 10:25:30.108861+00
ENT_PG_213,深圳市初创二期人工智能科技发展中心（有限合伙）,postgresql,213,2026-06-28 10:25:30.108861+00
ENT_PG_214,北京创客共赢投资中心（有限合伙）,postgresql,214,2026-06-28 10:25:30.108861+00
ENT_PG_215,墨光新能科技（苏州）有限公司,postgresql,215,2026-06-28 10:25:30.108861+00
ENT_PG_216,苏州南智芯材科技有限公司,postgresql,216,2026-06-28 10:25:30.108861+00
ENT_PG_217,宁波蔚孚科技有限公司,postgresql,217,2026-06-28 10:25:30.108861+00
ENT_PG_218,仁烁光能（苏州）有限公司,postgresql,218,2026-06-28 10:25:30.108861+00
ENT_PG_219,北京昂飞科技有限公司,postgresql,219,2026-06-28 10:25:30.108861+00
ENT_PG_220,上海星环聚能科技有限公司,postgresql,220,2026-06-28 10:25:30.108861+00
ENT_PG_221,无锡领声科技有限公司,postgresql,221,2026-06-28 10:25:30.108861+00
ENT_PG_222,上海翌曦科技发展有限公司,postgresql,222,2026-06-28 10:25:30.108861+00
ENT_PG_223,上海磁擎新能源科技有限公司,postgresql,223,2026-06-28 10:25:30.108861+00
ENT_PG_224,北京序轮科技有限公司,postgresql,224,2026-06-28 10:25:30.108861+00
ENT_PG_225,广纳四维（广东）光电科技有限公司,postgresql,225,2026-06-28 10:25:30.108861+00
ENT_PG_226,苏州储慧智能科技有限公司,postgresql,226,2026-06-28 10:25:30.108861+00
ENT_PG_227,倍飞智航（浙江）科技有限公司,postgresql,227,2026-06-28 10:25:30.108861+00
ENT_PG_228,希烽光电科技（南京）有限公司,postgresql,228,2026-06-28 10:25:30.108861+00
ENT_PG_229,南京埃米仪器科技有限公司,postgresql,229,2026-06-28 10:25:30.108861+00
ENT_PG_230,西安声海智能科技有限公司,postgresql,230,2026-06-28 10:25:30.108861+00
ENT_PG_231,北京国科星联科技有限公司,postgresql,231,2026-06-28 10:25:30.108861+00
ENT_PG_232,广州力及热管理科技有限公司,postgresql,232,2026-06-28 10:25:30.108861+00
ENT_PG_233,陕西天成航空材料股份有限公司,postgresql,233,2026-06-28 10:25:30.108861+00
ENT_PG_234,浙江华熔科技股份有限公司,postgresql,234,2026-06-28 10:25:30.108861+00
ENT_PG_235,宁波元芯光电子科技有限公司,postgresql,235,2026-06-28 10:25:30.108861+00
ENT_PG_236,北京圜晖科技有限公司,postgresql,236,2026-06-28 10:25:30.108861+00
ENT_PG_237,芯瑞微（上海）电子科技有限公司,postgresql,237,2026-06-28 10:25:30.108861+00
ENT_PG_238,上海华渔新材料科技有限公司,postgresql,238,2026-06-28 10:25:30.108861+00
ENT_PG_239,上海肆芃科技有限公司,postgresql,239,2026-06-28 10:25:30.108861+00
ENT_PG_240,西湖智能视觉科技（杭州）有限公司,postgresql,240,2026-06-28 10:25:30.108861+00
ENT_PG_241,光宇元芯（杭州）光电有限责任公司,postgresql,241,2026-06-28 10:25:30.108861+00
ENT_PG_242,深圳市蔚海智芯科技有限公司,postgresql,242,2026-06-28 10:25:30.108861+00
ENT_PG_243,北京钠谛科技有限公司,postgresql,243,2026-06-28 10:25:30.108861+00
ENT_PG_244,芯带科技（无锡）有限公司,postgresql,244,2026-06-28 10:25:30.108861+00
ENT_PG_245,质子汽车科技有限公司,postgresql,245,2026-06-28 10:25:30.108861+00
ENT_PG_246,陕西迪泰克新材料有限公司,postgresql,246,2026-06-28 10:25:30.108861+00
ENT_PG_247,苏州圣荣元电子科技有限公司,postgresql,247,2026-06-28 10:25:30.108861+00
ENT_PG_248,此芯科技集团有限公司,postgresql,248,2026-06-28 10:25:30.108861+00
ENT_PG_249,杭州嵌化合生医药科技有限公司,postgresql,249,2026-06-28 10:25:30.108861+00
ENT_PG_250,常州苏锂科技有限责任公司,postgresql,250,2026-06-28 10:25:30.108861+00
ENT_PG_251,中科晶益（东莞）材料科技有限责任公司,postgresql,251,2026-06-28 10:25:30.108861+00
ENT_PG_252,中科皓烨（东莞）材料科技有限责任公司,postgresql,252,2026-06-28 10:25:30.108861+00
ENT_PG_253,长春长光辰芯微电子股份有限公司,postgresql,253,2026-06-28 10:25:30.108861+00
ENT_PG_254,苏州睿芯集成电路科技有限公司,postgresql,254,2026-06-28 10:25:30.108861+00
ENT_PG_255,深圳市辉宏激光科技有限公司,postgresql,255,2026-06-28 10:25:30.108861+00
ENT_PG_256,合肥星眸生物科技有限公司,postgresql,256,2026-06-28 10:25:30.108861+00
ENT_PG_257,广州超视计生物科技有限公司,postgresql,257,2026-06-28 10:25:30.108861+00
ENT_PG_258,中科富海科技股份有限公司,postgresql,258,2026-06-28 10:25:30.108861+00
ENT_PG_259,北京卫蓝新能源科技股份有限公司,postgresql,259,2026-06-28 10:25:30.108861+00
ENT_PG_260,宝晟（苏州）能源科技有限公司,postgresql,260,2026-06-28 10:25:30.108861+00
ENT_PG_261,上海远赞生命科学有限公司,postgresql,261,2026-06-28 10:25:30.108861+00
ENT_PG_262,芯体素（杭州）科技发展有限公司,postgresql,262,2026-06-28 10:25:30.108861+00
ENT_PG_263,西安中科天塔科技股份有限公司,postgresql,263,2026-06-28 10:25:30.108861+00
ENT_PG_264,中科探海（深圳）海洋科技有限责任公司,postgresql,264,2026-06-28 10:25:30.108861+00
ENT_PG_265,开源共识（上海）网络技术有限公司,postgresql,265,2026-06-28 10:25:30.108861+00
ENT_PG_266,江西国化实业有限公司,postgresql,266,2026-06-28 10:25:30.108861+00
ENT_PG_267,湖南汇思光电科技有限公司,postgresql,267,2026-06-28 10:25:30.108861+00
ENT_PG_268,合肥御微半导体技术股份有限公司,postgresql,268,2026-06-28 10:25:30.108861+00
ENT_PG_269,南京矽典微系统有限公司,postgresql,269,2026-06-28 10:25:30.108861+00
ENT_PG_270,南京模砾半导体有限责任公司,postgresql,270,2026-06-28 10:25:30.108861+00
ENT_PG_271,上海锂凰科技有限公司,postgresql,271,2026-06-28 10:25:30.108861+00
ENT_PG_272,四川科韵激光科技有限公司,postgresql,272,2026-06-28 10:25:30.108861+00
ENT_PG_273,西安中科光凝科技有限公司,postgresql,273,2026-06-28 10:25:30.108861+00
ENT_PG_274,义乌宾果智能科技有限公司,postgresql,274,2026-06-28 10:25:30.108861+00
ENT_PG_275,珠海市大然机器人科技有限公司,postgresql,275,2026-06-28 10:25:30.108861+00
ENT_PG_276,北京智晶时代科技有限公司,postgresql,276,2026-06-28 10:25:30.108861+00
ENT_PG_277,广州因明生物医药科技股份有限公司,postgresql,277,2026-06-28 10:25:30.108861+00
ENT_PG_278,洲瓴（中山）医疗器械有限公司,postgresql,278,2026-06-28 10:25:30.108861+00
ENT_PG_279,上海曦磐企业管理合伙企业（有限合伙）,postgresql,279,2026-06-28 10:25:30.108861+00
ENT_PG_280,西安吉利电子新材料股份有限公司,postgresql,280,2026-06-28 10:25:30.108861+00
ENT_PG_281,上海曦铂企业管理合伙企业（有限合伙）,postgresql,281,2026-06-28 10:25:30.108861+00
ENT_PG_282,杭州银湖激光科技有限公司,postgresql,282,2026-06-28 10:25:30.108861+00
ENT_PG_283,微纳感知（合肥）技术有限公司,postgresql,283,2026-06-28 10:25:30.108861+00
ENT_PG_284,致真存储（北京）科技有限公司,postgresql,284,2026-06-28 10:25:30.108861+00
ENT_PG_285,北京赛德美资源再利用研究院有限公司,postgresql,285,2026-06-28 10:25:30.108861+00
ENT_PG_286,深圳市光舟半导体技术有限公司,postgresql,286,2026-06-28 10:25:30.108861+00
ENT_PG_287,北京中科凡语科技有限公司,postgresql,287,2026-06-28 10:25:30.108861+00
ENT_PG_288,西安爱邦电磁技术有限责任公司,postgresql,288,2026-06-28 10:25:30.108861+00
ENT_PG_289,成都频岢微电子有限公司,postgresql,289,2026-06-28 10:25:30.108861+00
ENT_PG_290,中科视拓（北京）科技有限公司,postgresql,290,2026-06-28 10:25:30.108861+00
ENT_PG_291,成都空间矩阵科技有限公司,postgresql,291,2026-06-28 10:25:30.108861+00
ENT_PG_292,陕西雷神智能装备有限公司,postgresql,292,2026-06-28 10:25:30.108861+00
ENT_PG_293,中科微针（北京）科技有限公司,postgresql,293,2026-06-28 10:25:30.108861+00
ENT_PG_294,北京超维景生物科技有限公司,postgresql,294,2026-06-28 10:25:30.108861+00
ENT_PG_295,北京增强智能科技有限公司,postgresql,295,2026-06-28 10:25:30.108861+00
ENT_PG_296,武汉中科锐择光电科技有限公司,postgresql,296,2026-06-28 10:25:30.108861+00
ENT_PG_297,中科合肥煤气化技术有限公司,postgresql,297,2026-06-28 10:25:30.108861+00
ENT_PG_298,北京哲源科技有限责任公司,postgresql,298,2026-06-28 10:25:30.108861+00
ENT_PG_299,绍兴摄星智能科技有限公司,postgresql,299,2026-06-28 10:25:30.108861+00
ENT_PG_300,合肥琪锋光电科技有限公司,postgresql,300,2026-06-28 10:25:30.108861+00
ENT_PG_301,北京英飞智药科技有限公司,postgresql,301,2026-06-28 10:25:30.108861+00
ENT_PG_302,武汉翔明激光科技有限公司,postgresql,302,2026-06-28 10:25:30.108861+00
ENT_PG_303,北京智谱华章科技股份有限公司,postgresql,303,2026-06-28 10:25:30.108861+00
ENT_PG_304,中科搏锐（北京）科技有限公司,postgresql,304,2026-06-28 10:25:30.108861+00
ENT_PG_305,西安大衡天成信息科技有限公司,postgresql,305,2026-06-28 10:25:30.108861+00
ENT_PG_306,东莞市中科原子精密制造科技有限公司,postgresql,306,2026-06-28 10:25:30.108861+00
ENT_PG_307,北京中科海钠科技有限责任公司,postgresql,307,2026-06-28 10:25:30.108861+00
ENT_PG_308,北京微纳星空科技股份有限公司,postgresql,308,2026-06-28 10:25:30.108861+00
ENT_PG_309,西安羚控电子科技有限公司,postgresql,309,2026-06-28 10:25:30.108861+00
ENT_PG_310,南京隼眼电子科技有限公司,postgresql,310,2026-06-28 10:25:30.108861+00
ENT_PG_311,北京数起科技有限公司,postgresql,311,2026-06-28 10:25:30.108861+00
ENT_PG_312,北京中科闻歌科技股份有限公司,postgresql,312,2026-06-28 10:25:30.108861+00
ENT_PG_313,上海骥翀氢能科技有限公司,postgresql,313,2026-06-28 10:25:30.108861+00
ENT_PG_314,中科驭数（北京）科技有限公司,postgresql,314,2026-06-28 10:25:30.108861+00
ENT_PG_315,北京瑞莱智慧科技有限公司,postgresql,315,2026-06-28 10:25:30.108861+00
ENT_PG_316,西安蓝极医疗电子科技有限公司,postgresql,316,2026-06-28 10:25:30.108861+00
ENT_PG_317,北京四维纵横数据技术有限公司,postgresql,317,2026-06-28 10:25:30.108861+00
ENT_PG_318,中科元象（常州）智能装备有限公司,postgresql,318,2026-06-28 10:25:30.108861+00
ENT_PG_319,北京恩力动力控股有限公司,postgresql,319,2026-06-28 10:25:30.108861+00
ENT_PG_320,宁波未感半导体科技有限公司,postgresql,320,2026-06-28 10:25:30.108861+00
ENT_PG_321,北京国科天迅科技股份有限公司,postgresql,321,2026-06-28 10:25:30.108861+00
ENT_PG_322,包头中科轩达新能源科技有限公司,postgresql,322,2026-06-28 10:25:30.108861+00
ENT_PG_323,西安中科光电精密工程有限公司,postgresql,323,2026-06-28 10:25:30.108861+00
ENT_PG_324,南京控维通信科技有限公司,postgresql,324,2026-06-28 10:25:30.108861+00
ENT_PG_325,广州睿芯微电子有限公司,postgresql,325,2026-06-28 10:25:30.108861+00
ENT_PG_326,宁波时识科技有限公司,postgresql,326,2026-06-28 10:25:30.108861+00
ENT_PG_327,中科航星科技股份有限公司,postgresql,327,2026-06-28 10:25:30.108861+00
ENT_PG_328,安捷中科（北京）数据科技有限公司,postgresql,328,2026-06-28 10:25:30.108861+00
ENT_PG_329,西安唐晶量子科技有限公司,postgresql,329,2026-06-28 10:25:30.108861+00
ENT_PG_330,西湖制药（杭州）有限公司,postgresql,330,2026-06-28 10:25:30.108861+00
ENT_PG_331,北京视游互动科技有限公司,postgresql,331,2026-06-28 10:25:30.108861+00
ENT_PG_332,西安瑞峰光电技术有限公司,postgresql,332,2026-06-28 10:25:30.108861+00
ENT_PG_333,深圳大道半导体有限公司,postgresql,333,2026-06-28 10:25:30.108861+00
ENT_PG_334,西安中科飞图光电科技有限公司,postgresql,334,2026-06-28 10:25:30.108861+00
ENT_PG_335,西安中科微精光子科技股份有限公司,postgresql,335,2026-06-28 10:25:30.108861+00
ENT_PG_336,图迹科技有限公司,postgresql,336,2026-06-28 10:25:30.108861+00
ENT_PG_337,深圳游视虚拟现实技术有限公司,postgresql,337,2026-06-28 10:25:30.108861+00
ENT_PG_338,北京分享时代科技股份有限公司,postgresql,338,2026-06-28 10:25:30.108861+00
ENT_PG_339,深圳市中科微光医疗器械技术有限公司,postgresql,339,2026-06-28 10:25:30.108861+00
ENT_PG_340,西安知象光电科技有限公司,postgresql,340,2026-06-28 10:25:30.108861+00
ENT_PG_341,北京卓镭激光技术股份有限公司,postgresql,341,2026-06-28 10:25:30.108861+00
ENT_PG_342,北京九天微星科技发展有限公司,postgresql,342,2026-06-28 10:25:30.108861+00
ENT_PG_343,安徽爱观视觉科技有限公司,postgresql,343,2026-06-28 10:25:30.108861+00
ENT_PG_344,南京迈矽科微电子科技有限公司,postgresql,344,2026-06-28 10:25:30.108861+00
ENT_PG_345,意瑞半导体（上海）有限公司,postgresql,345,2026-06-28 10:25:30.108861+00
ENT_PG_346,上海拜安传感技术有限公司,postgresql,346,2026-06-28 10:25:30.108861+00
ENT_PG_347,北京天际友盟信息技术有限公司,postgresql,347,2026-06-28 10:25:30.108861+00
ENT_PG_348,无锡华瑛微电子技术有限公司,postgresql,348,2026-06-28 10:25:30.108861+00
ENT_PG_349,浙江澳威激光器件有限公司,postgresql,349,2026-06-28 10:25:30.108861+00
ENT_PG_350,西安睿控创合电子科技有限公司,postgresql,350,2026-06-28 10:25:30.108861+00
ENT_PG_351,驭势科技（北京）股份有限公司,postgresql,351,2026-06-28 10:25:30.108861+00
ENT_PG_352,江苏芯长征微电子集团股份有限公司,postgresql,352,2026-06-28 10:25:30.108861+00
ENT_PG_353,浙江赛思电子科技有限公司,postgresql,353,2026-06-28 10:25:30.108861+00
ENT_PG_354,西安新艾电气技术有限公司,postgresql,354,2026-06-28 10:25:30.108861+00
ENT_PG_355,湖南诠视传感技术有限公司,postgresql,355,2026-06-28 10:25:30.108861+00
ENT_PG_356,陕西省大数据集团有限公司,postgresql,356,2026-06-28 10:25:30.108861+00
ENT_PG_357,北京演绎科技有限公司,postgresql,357,2026-06-28 10:25:30.108861+00
ENT_PG_358,深圳劲芯微电子有限公司,postgresql,358,2026-06-28 10:25:30.108861+00
ENT_PG_359,北京鸿天融达信息技术有限公司,postgresql,359,2026-06-28 10:25:30.108861+00
ENT_PG_360,北京墨丘科技有限公司,postgresql,360,2026-06-28 10:25:30.108861+00
ENT_PG_361,西安赛富乐斯半导体科技有限公司,postgresql,361,2026-06-28 10:25:30.108861+00
ENT_PG_362,贵州数据宝网络科技有限公司,postgresql,362,2026-06-28 10:25:30.108861+00
ENT_PG_363,中研宏科（上海）智能科技股份有限公司,postgresql,363,2026-06-28 10:25:30.108861+00
ENT_PG_364,深圳瑞识科技股份有限公司,postgresql,364,2026-06-28 10:25:30.108861+00
ENT_PG_365,芯翼信息科技（上海）有限公司,postgresql,365,2026-06-28 10:25:30.108861+00
ENT_PG_366,本源量子计算科技（合肥）股份有限公司,postgresql,366,2026-06-28 10:25:30.108861+00
ENT_PG_367,眉山博雅新材料股份有限公司,postgresql,367,2026-06-28 10:25:30.108861+00
ENT_PG_368,杭州芯影科技有限公司,postgresql,368,2026-06-28 10:25:30.108861+00
ENT_PG_369,上海博动医疗科技股份有限公司,postgresql,369,2026-06-28 10:25:30.108861+00
ENT_PG_370,北京鹏钛科技有限公司,postgresql,370,2026-06-28 10:25:30.108861+00
ENT_PG_371,上海橙科微电子科技有限公司,postgresql,371,2026-06-28 10:25:30.108861+00
ENT_PG_372,北京智机科技有限公司,postgresql,372,2026-06-28 10:25:30.108861+00
ENT_PG_373,青岛本原微电子有限公司,postgresql,373,2026-06-28 10:25:30.108861+00
ENT_PG_374,科凯（南通）生命科学有限公司,postgresql,374,2026-06-28 10:25:30.108861+00
ENT_PG_375,比科奇微电子（杭州）有限公司,postgresql,375,2026-06-28 10:25:30.108861+00
ENT_PG_376,镇江海姆霍兹传热传动系统有限公司,postgresql,376,2026-06-28 10:25:30.108861+00
ENT_PG_377,杰夫微电子（四川）有限公司,postgresql,377,2026-06-28 10:25:30.108861+00
ENT_PG_378,广东致能半导体有限公司,postgresql,378,2026-06-28 10:25:30.108861+00
ENT_PG_379,杭州洛微科技有限公司,postgresql,379,2026-06-28 10:25:30.108861+00
ENT_PG_380,深圳惠牛科技有限公司,postgresql,380,2026-06-28 10:25:30.108861+00
ENT_PG_381,南京苗米科技有限公司,postgresql,381,2026-06-28 10:25:30.108861+00
ENT_PG_382,武汉新耐视智能科技有限责任公司,postgresql,382,2026-06-28 10:25:30.108861+00
ENT_PG_383,西安和其光电科技股份有限公司,postgresql,383,2026-06-28 10:25:30.108861+00
ENT_PG_384,苏州诺存微电子有限公司,postgresql,384,2026-06-28 10:25:30.108861+00
ENT_PG_385,优赋全球（北京）网络科技有限公司,postgresql,385,2026-06-28 10:25:30.108861+00
ENT_PG_386,北京中科智加科技有限公司,postgresql,386,2026-06-28 10:25:30.108861+00
ENT_PG_387,苏州纳飞卫星动力科技有限公司,postgresql,387,2026-06-28 10:25:30.108861+00
ENT_PG_388,中科慧远视觉技术（洛阳）股份有限公司,postgresql,388,2026-06-28 10:25:30.108861+00
ENT_PG_389,福州云工网络科技有限公司,postgresql,389,2026-06-28 10:25:30.108861+00
ENT_PG_390,江苏一影医疗设备有限公司,postgresql,390,2026-06-28 10:25:30.108861+00
ENT_PG_391,上海鲲游光电科技有限公司,postgresql,391,2026-06-28 10:25:30.108861+00
ENT_PG_392,江苏量点科技有限公司,postgresql,392,2026-06-28 10:25:30.108861+00
ENT_PG_393,江苏华生基因数据科技股份有限公司,postgresql,393,2026-06-28 10:25:30.108861+00
ENT_PG_394,上海艾匀信息科技有限公司,postgresql,394,2026-06-28 10:25:30.108861+00
ENT_PG_395,苏州原位芯片科技有限责任公司,postgresql,395,2026-06-28 10:25:30.108861+00
ENT_PG_396,中科物栖（南京）科技有限公司,postgresql,396,2026-06-28 10:25:30.108861+00
ENT_PG_397,宁波天擎航天科技有限公司,postgresql,397,2026-06-28 10:25:30.108861+00
ENT_PG_398,江苏鲁汶仪器股份有限公司,postgresql,398,2026-06-28 10:25:30.108861+00
ENT_PG_399,北京天科合达半导体股份有限公司,postgresql,399,2026-06-28 10:25:30.108861+00
ENT_PG_400,北京星空年代通信技术有限公司,postgresql,400,2026-06-28 10:25:30.108861+00
ENT_PG_401,西安浩元航空科技有限公司,postgresql,401,2026-06-28 10:25:30.108861+00
ENT_PG_402,西安全谱红外技术有限公司,postgresql,402,2026-06-28 10:25:30.108861+00
ENT_PG_403,北京梦之墨科技有限公司,postgresql,403,2026-06-28 10:25:30.108861+00
ENT_PG_404,西安必盛激光科技有限公司,postgresql,404,2026-06-28 10:25:30.108861+00
ENT_PG_405,西安金藏膜环保科技有限公司,postgresql,405,2026-06-28 10:25:30.108861+00
ENT_PG_406,苏州博萃循环科技有限公司,postgresql,406,2026-06-28 10:25:30.108861+00
ENT_PG_407,芯朴科技（上海）有限公司,postgresql,407,2026-06-28 10:25:30.108861+00
ENT_PG_408,杭州中科极光科技有限公司,postgresql,408,2026-06-28 10:25:30.108861+00
ENT_PG_409,南京昕瑞再生医药科技有限公司,postgresql,409,2026-06-28 10:25:30.108861+00
ENT_PG_410,苏州泽辉生物科技有限公司,postgresql,410,2026-06-28 10:25:30.108861+00
ENT_PG_411,聚时科技（上海）有限公司,postgresql,411,2026-06-28 10:25:30.108861+00
ENT_PG_412,中科振声（苏州）电子科技有限公司,postgresql,412,2026-06-28 10:25:30.108861+00
ENT_PG_413,北京佰为深科技发展有限公司,postgresql,413,2026-06-28 10:25:30.108861+00
ENT_PG_414,南京荣骏科技发展有限公司,postgresql,414,2026-06-28 10:25:30.108861+00
ENT_PG_415,上海擎茂微电子科技有限公司,postgresql,415,2026-06-28 10:25:30.108861+00
ENT_PG_416,上海迈铸半导体科技有限公司,postgresql,416,2026-06-28 10:25:30.108861+00
ENT_PG_417,赛先文化发展（上海）有限公司,postgresql,417,2026-06-28 10:25:30.108861+00
ENT_PG_418,北京中科银河芯科技有限公司,postgresql,418,2026-06-28 10:25:30.108861+00
ENT_PG_419,北京声加科技有限公司,postgresql,419,2026-06-28 10:25:30.108861+00
ENT_PG_420,广东阿达半导体设备股份有限公司,postgresql,420,2026-06-28 10:25:30.108861+00
ENT_PG_421,深圳深信生物科技有限公司,postgresql,421,2026-06-28 10:25:30.108861+00
ENT_PG_422,西安中科立德红外科技有限公司,postgresql,422,2026-06-28 10:25:30.108861+00
ENT_PG_423,迅芯微电子（苏州）股份有限公司,postgresql,423,2026-06-28 10:25:30.108861+00
ENT_PG_424,浙江迅实科技有限公司,postgresql,424,2026-06-28 10:25:30.108861+00
ENT_PG_425,北京摩尔芯光科技有限公司,postgresql,425,2026-06-28 10:25:30.108861+00
ENT_PG_426,中科宇航技术股份有限公司,postgresql,426,2026-06-28 10:25:30.108861+00
ENT_PG_427,浙江启尔机电技术有限公司,postgresql,427,2026-06-28 10:25:30.108861+00
ENT_PG_428,果栗智造（上海）技术股份有限公司,postgresql,428,2026-06-28 10:25:30.108861+00
ENT_PG_429,西安奇芯光电科技有限公司,postgresql,429,2026-06-28 10:25:30.108861+00
ENT_PG_430,西安西部新锆科技股份有限公司,postgresql,430,2026-06-28 10:25:30.108861+00
ENT_PG_431,西安中科华芯测控有限公司,postgresql,431,2026-06-28 10:25:30.108861+00
ENT_PG_432,湖南二零八先进科技有限公司,postgresql,432,2026-06-28 10:25:30.108861+00
ENT_PG_433,长光卫星技术股份有限公司,postgresql,433,2026-06-28 10:25:30.108861+00
ENT_PG_434,北京四象爱数科技有限公司,postgresql,434,2026-06-28 10:25:30.108861+00
ENT_PG_435,华芯（珠海）半导体有限公司,postgresql,435,2026-06-28 10:25:30.108861+00
ENT_PG_436,浙江扬铭科技发展有限公司,postgresql,436,2026-06-28 10:25:30.108861+00
ENT_PG_437,西安奇点能源股份有限公司,postgresql,437,2026-06-28 10:25:30.108861+00
ENT_PG_438,北京大禹智芯科技有限公司,postgresql,438,2026-06-28 10:25:30.108861+00
ENT_PG_439,苏州山河光电科技有限公司,postgresql,439,2026-06-28 10:25:30.108861+00
ENT_PG_440,安徽中科引力科技有限公司,postgresql,440,2026-06-28 10:25:30.108861+00
ENT_PG_441,艾可萨科技（成都）有限公司,postgresql,441,2026-06-28 10:25:30.108861+00
ENT_PG_442,北京江河惠远科技有限公司,postgresql,442,2026-06-28 10:25:30.108861+00
ENT_PG_443,深圳纳诺特科技有限公司,postgresql,443,2026-06-28 10:25:30.108861+00
ENT_PG_444,陕西源杰半导体科技股份有限公司,postgresql,444,2026-06-28 10:25:30.108861+00
ENT_PG_445,华科超能（北京）能源科技有限公司,postgresql,445,2026-06-28 10:25:30.108861+00
ENT_PG_446,四川思创激光科技有限公司,postgresql,446,2026-06-28 10:25:30.108861+00
ENT_PG_447,深圳市迪威码半导体有限公司,postgresql,447,2026-06-28 10:25:30.108861+00
ENT_PG_448,江苏方霖动力科技有限公司,postgresql,448,2026-06-28 10:25:30.108861+00
ENT_PG_449,无锡安科迪智能技术有限公司,postgresql,449,2026-06-28 10:25:30.108861+00
ENT_PG_450,瑶芯微（上海）电子科技股份有限公司,postgresql,450,2026-06-28 10:25:30.108861+00
ENT_PG_451,彗晶新材料科技（杭州）有限公司,postgresql,451,2026-06-28 10:25:30.108861+00
ENT_PG_452,重庆中科超容科技有限公司,postgresql,452,2026-06-28 10:25:30.108861+00
ENT_PG_453,安徽盟维新能源科技有限公司,postgresql,453,2026-06-28 10:25:30.108861+00
ENT_PG_454,青岛中科国晟动力科技有限公司,postgresql,454,2026-06-28 10:25:30.108861+00
ENT_PG_455,北京卓翼智能科技有限公司,postgresql,455,2026-06-28 10:25:30.108861+00
ENT_PG_456,上海复享光学股份有限公司,postgresql,456,2026-06-28 10:25:30.108861+00
ENT_PG_457,上海全澜科技有限公司,postgresql,457,2026-06-28 10:25:30.108861+00
ENT_PG_458,嘉兴德毅新材料有限公司,postgresql,458,2026-06-28 10:25:30.108861+00
ENT_PG_459,绍兴埃瓦科技有限公司,postgresql,459,2026-06-28 10:25:30.108861+00
ENT_PG_460,渭南印象认知技术有限公司,postgresql,460,2026-06-28 10:25:30.108861+00
ENT_PG_461,科泰思创新技术（江苏）股份有限公司,postgresql,461,2026-06-28 10:25:30.108861+00
ENT_PG_462,厦门钜瓷科技有限公司,postgresql,462,2026-06-28 10:25:30.108861+00
ENT_PG_463,雨树光科（深圳）有限公司,postgresql,463,2026-06-28 10:25:30.108861+00
ENT_PG_464,北京诺福熙基因科技有限公司,postgresql,464,2026-06-28 10:25:30.108861+00
ENT_PG_465,北京龙知远科技发展有限公司,postgresql,465,2026-06-28 10:25:30.108861+00
ENT_PG_466,北京极光星通科技有限公司,postgresql,466,2026-06-28 10:25:30.108861+00
ENT_PG_467,苏州亿铸智能科技有限公司,postgresql,467,2026-06-28 10:25:30.108861+00
ENT_PG_468,安徽绿舟科技有限公司,postgresql,468,2026-06-28 10:25:30.108861+00
ENT_PG_469,中科酷原科技（武汉）有限公司,postgresql,469,2026-06-28 10:25:30.108861+00
ENT_PG_470,浙江众凌科技有限公司,postgresql,470,2026-06-28 10:25:30.108861+00
ENT_PG_471,北京方硕复合材料技术有限公司,postgresql,471,2026-06-28 10:25:30.108861+00
ENT_PG_472,北京微动时空科技有限公司,postgresql,472,2026-06-28 10:25:30.108861+00
ENT_PG_473,深圳扑浪量子半导体有限公司,postgresql,473,2026-06-28 10:25:30.108861+00
ENT_PG_474,中科合成油技术股份有限公司,postgresql,474,2026-06-28 10:25:30.108861+00
ENT_PG_475,北京拓领博泰生物科技有限公司,postgresql,475,2026-06-28 10:25:30.108861+00
ENT_PG_476,陕西道博新材科技有限公司,postgresql,476,2026-06-28 10:25:30.108861+00
ENT_PG_477,合肥天港免疫药物有限公司,postgresql,477,2026-06-28 10:25:30.108861+00
ENT_PG_478,镭神技术（深圳）股份有限公司,postgresql,478,2026-06-28 10:25:30.108861+00
ENT_PG_479,奇异摩尔（衢州）集成电路设计有限公司,postgresql,479,2026-06-28 10:25:30.108861+00
ENT_PG_480,上海碳际实业集团有限公司,postgresql,480,2026-06-28 10:25:30.108861+00
